Date,Home,Score,Away,ScoreH,ScoreA,But,Result,Ds,Hs,As,DA,DH,HA,LDEMs,LDEMPs
2023-02-25,Werder Bremen,3 - 0,VfL Bochum,3,0,3,Home,0,1,0,0,1,1,0,1
2023-02-25,Werder Bremen,3 - 0,VfL Bochum,3,0,3,Home,0,1,0,0,1,1,0,1
2023-02-11,Werder Bremen,0 - 2,Borussia Dortmund,0,2,2,Away,0,0,1,1,0,1,0,1
2023-02-11,Werder Bremen,0 - 2,Borussia Dortmund,0,2,2,Away,0,0,1,1,0,1,0,1
2023-01-28,Werder Bremen,2 - 1,VfL Wolfsburg,2,1,3,Home,0,1,0,0,1,1,1,0
2023-01-28,Werder Bremen,2 - 1,VfL Wolfsburg,2,1,3,Home,0,1,0,0,1,1,1,0
2023-01-25,Werder Bremen,1 - 2,1. FC Union Berlin,1,2,3,Away,0,0,1,1,0,1,1,0
2023-01-25,Werder Bremen,1 - 2,1. FC Union Berlin,1,2,3,Away,0,0,1,1,0,1,1,0
2022-11-12,Werder Bremen,1 - 2,RB Leipzig,1,2,3,Away,0,0,1,1,0,1,1,0
2022-11-12,Werder Bremen,1 - 2,RB Leipzig,1,2,3,Away,0,0,1,1,0,1,1,0
2022-11-05,Werder Bremen,2 - 1,Schalke 04,2,1,3,Home,0,1,0,0,1,1,1,0
2022-11-05,Werder Bremen,2 - 1,Schalke 04,2,1,3,Home,0,1,0,0,1,1,1,0
2022-10-28,Werder Bremen,1 - 0,Hertha Berlin,1,0,1,Home,0,1,0,0,1,1,0,1
2022-10-28,Werder Bremen,1 - 0,Hertha Berlin,1,0,1,Home,0,1,0,0,1,1,0,1
2022-10-15,Werder Bremen,0 - 2,Mainz,0,2,2,Away,0,0,1,1,0,1,0,1
2022-10-15,Werder Bremen,0 - 2,Mainz,0,2,2,Away,0,0,1,1,0,1,0,1
2022-10-01,Werder Bremen,5 - 1,Borussia Monchengladbach,5,1,6,Home,0,1,0,0,1,1,1,0
2022-10-01,Werder Bremen,5 - 1,Borussia Monchengladbach,5,1,6,Home,0,1,0,0,1,1,1,0
2022-09-09,Werder Bremen,0 - 1,FC Augsburg,0,1,1,Away,0,0,1,1,0,1,0,1
2022-09-09,Werder Bremen,0 - 1,FC Augsburg,0,1,1,Away,0,0,1,1,0,1,0,1
2022-08-28,Werder Bremen,3 - 4,Eintracht Frankfurt,3,4,7,Away,0,0,1,1,0,1,1,0
2022-08-28,Werder Bremen,3 - 4,Eintracht Frankfurt,3,4,7,Away,0,0,1,1,0,1,1,0
2022-08-13,Werder Bremen,2 - 2,VfB Stuttgart,2,2,4,Draw,1,0,0,1,1,0,1,0
2022-08-13,Werder Bremen,2 - 2,VfB Stuttgart,2,2,4,Draw,1,0,0,1,1,0,1,0
2023-02-18,VfL Wolfsburg,0 - 3,RB Leipzig,0,3,3,Away,0,0,1,1,0,1,0,1
2023-02-18,VfL Wolfsburg,0 - 3,RB Leipzig,0,3,3,Away,0,0,1,1,0,1,0,1
2023-02-05,VfL Wolfsburg,2 - 4,Bayern Munich,2,4,6,Away,0,0,1,1,0,1,1,0
2023-02-05,VfL Wolfsburg,2 - 4,Bayern Munich,2,4,6,Away,0,0,1,1,0,1,1,0
2023-01-21,VfL Wolfsburg,6 - 0,SC Freiburg,6,0,6,Home,0,1,0,0,1,1,0,1
2023-01-21,VfL Wolfsburg,6 - 0,SC Freiburg,6,0,6,Home,0,1,0,0,1,1,0,1
2022-11-08,VfL Wolfsburg,2 - 0,Borussia Dortmund,2,0,2,Home,0,1,0,0,1,1,0,1
2022-11-08,VfL Wolfsburg,2 - 0,Borussia Dortmund,2,0,2,Home,0,1,0,0,1,1,0,1
2022-10-29,VfL Wolfsburg,4 - 0,VfL Bochum,4,0,4,Home,0,1,0,0,1,1,0,1
2022-10-29,VfL Wolfsburg,4 - 0,VfL Bochum,4,0,4,Home,0,1,0,0,1,1,0,1
2022-10-15,VfL Wolfsburg,2 - 2,Borussia Monchengladbach,2,2,4,Draw,1,0,0,1,1,0,1,0
2022-10-15,VfL Wolfsburg,2 - 2,Borussia Monchengladbach,2,2,4,Draw,1,0,0,1,1,0,1,0
2022-10-01,VfL Wolfsburg,3 - 2,VfB Stuttgart,3,2,5,Home,0,1,0,0,1,1,1,0
2022-10-01,VfL Wolfsburg,3 - 2,VfB Stuttgart,3,2,5,Home,0,1,0,0,1,1,1,0
2022-09-03,VfL Wolfsburg,2 - 4,FC Cologne,2,4,6,Away,0,0,1,1,0,1,1,0
2022-09-03,VfL Wolfsburg,2 - 4,FC Cologne,2,4,6,Away,0,0,1,1,0,1,1,0
2022-08-20,VfL Wolfsburg,0 - 0,Schalke 04,0,0,0,Draw,1,0,0,1,1,0,0,1
2022-08-20,VfL Wolfsburg,0 - 0,Schalke 04,0,0,0,Draw,1,0,0,1,1,0,0,1
2022-08-06,VfL Wolfsburg,2 - 2,Werder Bremen,2,2,4,Draw,1,0,0,1,1,0,1,0
2022-08-06,VfL Wolfsburg,2 - 2,Werder Bremen,2,2,4,Draw,1,0,0,1,1,0,1,0
2023-02-18,VfL Bochum,0 - 2,SC Freiburg,0,2,2,Away,0,0,1,1,0,1,0,1
2023-02-18,VfL Bochum,0 - 2,SC Freiburg,0,2,2,Away,0,0,1,1,0,1,0,1
2023-02-04,VfL Bochum,5 - 2,TSG Hoffenheim,5,2,7,Home,0,1,0,0,1,1,1,0
2023-02-04,VfL Bochum,5 - 2,TSG Hoffenheim,5,2,7,Home,0,1,0,0,1,1,1,0
2023-01-21,VfL Bochum,3 - 1,Hertha Berlin,3,1,4,Home,0,1,0,0,1,1,1,0
2023-01-21,VfL Bochum,3 - 1,Hertha Berlin,3,1,4,Home,0,1,0,0,1,1,1,0
2022-11-08,VfL Bochum,2 - 1,Borussia Monchengladbach,2,1,3,Home,0,1,0,0,1,1,1,0
2022-11-08,VfL Bochum,2 - 1,Borussia Monchengladbach,2,1,3,Home,0,1,0,0,1,1,1,0
2022-10-23,VfL Bochum,2 - 1,1. FC Union Berlin,2,1,3,Home,0,1,0,0,1,1,1,0
2022-10-23,VfL Bochum,2 - 1,1. FC Union Berlin,2,1,3,Home,0,1,0,0,1,1,1,0
2022-10-08,VfL Bochum,3 - 0,Eintracht Frankfurt,3,0,3,Home,0,1,0,0,1,1,0,1
2022-10-08,VfL Bochum,3 - 0,Eintracht Frankfurt,3,0,3,Home,0,1,0,0,1,1,0,1
2022-09-18,VfL Bochum,1 - 1,FC Cologne,1,1,2,Draw,1,0,0,1,1,0,1,0
2022-09-18,VfL Bochum,1 - 1,FC Cologne,1,1,2,Draw,1,0,0,1,1,0,1,0
2022-09-03,VfL Bochum,0 - 2,Werder Bremen,0,2,2,Away,0,0,1,1,0,1,0,1
2022-09-03,VfL Bochum,0 - 2,Werder Bremen,0,2,2,Away,0,0,1,1,0,1,0,1
2022-08-21,VfL Bochum,0 - 7,Bayern Munich,0,7,7,Away,0,0,1,1,0,1,0,1
2022-08-21,VfL Bochum,0 - 7,Bayern Munich,0,7,7,Away,0,0,1,1,0,1,0,1
2022-08-06,VfL Bochum,1 - 2,Mainz,1,2,3,Away,0,0,1,1,0,1,1,0
2022-08-06,VfL Bochum,1 - 2,Mainz,1,2,3,Away,0,0,1,1,0,1,1,0
2023-02-18,VfB Stuttgart,3 - 0,FC Cologne,3,0,3,Home,0,1,0,0,1,1,0,1
2023-02-18,VfB Stuttgart,3 - 0,FC Cologne,3,0,3,Home,0,1,0,0,1,1,0,1
2023-02-05,VfB Stuttgart,0 - 2,Werder Bremen,0,2,2,Away,0,0,1,1,0,1,0,1
2023-02-05,VfB Stuttgart,0 - 2,Werder Bremen,0,2,2,Away,0,0,1,1,0,1,0,1
2023-01-21,VfB Stuttgart,1 - 1,Mainz,1,1,2,Draw,1,0,0,1,1,0,1,0
2023-01-21,VfB Stuttgart,1 - 1,Mainz,1,1,2,Draw,1,0,0,1,1,0,1,0
2022-11-08,VfB Stuttgart,2 - 1,Hertha Berlin,2,1,3,Home,0,1,0,0,1,1,1,0
2022-11-08,VfB Stuttgart,2 - 1,Hertha Berlin,2,1,3,Home,0,1,0,0,1,1,1,0
2022-10-29,VfB Stuttgart,2 - 1,FC Augsburg,2,1,3,Home,0,1,0,0,1,1,1,0
2022-10-29,VfB Stuttgart,2 - 1,FC Augsburg,2,1,3,Home,0,1,0,0,1,1,1,0
2022-10-15,VfB Stuttgart,4 - 1,VfL Bochum,4,1,5,Home,0,1,0,0,1,1,1,0
2022-10-15,VfB Stuttgart,4 - 1,VfL Bochum,4,1,5,Home,0,1,0,0,1,1,1,0
2022-10-09,VfB Stuttgart,0 - 1,1. FC Union Berlin,0,1,1,Away,0,0,1,1,0,1,0,1
2022-10-09,VfB Stuttgart,0 - 1,1. FC Union Berlin,0,1,1,Away,0,0,1,1,0,1,0,1
2022-09-17,VfB Stuttgart,1 - 3,Eintracht Frankfurt,1,3,4,Away,0,0,1,1,0,1,1,0
2022-09-17,VfB Stuttgart,1 - 3,Eintracht Frankfurt,1,3,4,Away,0,0,1,1,0,1,1,0
2022-09-03,VfB Stuttgart,1 - 1,Schalke 04,1,1,2,Draw,1,0,0,1,1,0,1,0
2022-09-03,VfB Stuttgart,1 - 1,Schalke 04,1,1,2,Draw,1,0,0,1,1,0,1,0
2022-08-20,VfB Stuttgart,0 - 1,SC Freiburg,0,1,1,Away,0,0,1,1,0,1,0,1
2022-08-20,VfB Stuttgart,0 - 1,SC Freiburg,0,1,1,Away,0,0,1,1,0,1,0,1
2022-08-07,VfB Stuttgart,1 - 1,RB Leipzig,1,1,2,Draw,1,0,0,1,1,0,1,0
2022-08-07,VfB Stuttgart,1 - 1,RB Leipzig,1,1,2,Draw,1,0,0,1,1,0,1,0
2023-07-17,TSV Eintracht Braunschweig,0 - 2,Hamburg SV,0,2,2,Away,0,0,1,1,0,1,0,1
2023-07-17,TSV Eintracht Braunschweig,0 - 2,Hamburg SV,0,2,2,Away,0,0,1,1,0,1,0,1
2023-02-17,TSV Eintracht Braunschweig,2 - 3,Holstein Kiel,2,3,5,Away,0,0,1,1,0,1,1,0
2023-02-17,TSV Eintracht Braunschweig,2 - 3,Holstein Kiel,2,3,5,Away,0,0,1,1,0,1,1,0
2023-02-04,TSV Eintracht Braunschweig,2 - 0,1. FC Heidenheim,2,0,2,Home,0,1,0,0,1,1,0,1
2023-02-04,TSV Eintracht Braunschweig,2 - 0,1. FC Heidenheim,2,0,2,Home,0,1,0,0,1,1,0,1
2022-11-12,TSV Eintracht Braunschweig,0 - 1,Hansa Rostock,0,1,1,Away,0,0,1,1,0,1,0,1
2022-11-12,TSV Eintracht Braunschweig,0 - 1,Hansa Rostock,0,1,1,Away,0,0,1,1,0,1,0,1
2022-11-06,TSV Eintracht Braunschweig,0 - 1,SpVgg Greuther Furth,0,1,1,Away,0,0,1,1,0,1,0,1
2022-11-06,TSV Eintracht Braunschweig,0 - 1,SpVgg Greuther Furth,0,1,1,Away,0,0,1,1,0,1,0,1
2022-10-22,TSV Eintracht Braunschweig,0 - 0,SC Paderborn 07,0,0,0,Draw,1,0,0,1,1,0,0,1
2022-10-22,TSV Eintracht Braunschweig,0 - 0,SC Paderborn 07,0,0,0,Draw,1,0,0,1,1,0,0,1
2022-10-08,TSV Eintracht Braunschweig,2 - 1,St. Pauli,2,1,3,Home,0,1,0,0,1,1,1,0
2022-10-08,TSV Eintracht Braunschweig,2 - 1,St. Pauli,2,1,3,Home,0,1,0,0,1,1,1,0
2022-09-16,TSV Eintracht Braunschweig,2 - 1,Karlsruher SC,2,1,3,Home,0,1,0,0,1,1,1,0
2022-09-16,TSV Eintracht Braunschweig,2 - 1,Karlsruher SC,2,1,3,Home,0,1,0,0,1,1,1,0
2022-09-02,TSV Eintracht Braunschweig,4 - 2,Nurnberg,4,2,6,Home,0,1,0,0,1,1,1,0
2022-09-02,TSV Eintracht Braunschweig,4 - 2,Nurnberg,4,2,6,Home,0,1,0,0,1,1,1,0
2022-08-20,TSV Eintracht Braunschweig,2 - 2,Fortuna Düsseldorf,2,2,4,Draw,1,0,0,1,1,0,1,0
2022-08-20,TSV Eintracht Braunschweig,2 - 2,Fortuna Düsseldorf,2,2,4,Draw,1,0,0,1,1,0,1,0
2022-08-07,TSV Eintracht Braunschweig,0 - 1,SV Darmstadt 98,0,1,1,Away,0,0,1,1,0,1,0,1
2022-08-07,TSV Eintracht Braunschweig,0 - 1,SV Darmstadt 98,0,1,1,Away,0,0,1,1,0,1,0,1
2023-02-25,TSG Hoffenheim,0 - 1,Borussia Dortmund,0,1,1,Away,0,0,1,1,0,1,0,1
2023-02-25,TSG Hoffenheim,0 - 1,Borussia Dortmund,0,1,1,Away,0,0,1,1,0,1,0,1
2023-02-11,TSG Hoffenheim,1 - 3,Bayer Leverkusen,1,3,4,Away,0,0,1,1,0,1,1,0
2023-02-11,TSG Hoffenheim,1 - 3,Bayer Leverkusen,1,3,4,Away,0,0,1,1,0,1,1,0
2023-01-28,TSG Hoffenheim,1 - 4,Borussia Monchengladbach,1,4,5,Away,0,0,1,1,0,1,1,0
2023-01-28,TSG Hoffenheim,1 - 4,Borussia Monchengladbach,1,4,5,Away,0,0,1,1,0,1,1,0
2023-01-24,TSG Hoffenheim,2 - 2,VfB Stuttgart,2,2,4,Draw,1,0,0,1,1,0,1,0
2023-01-24,TSG Hoffenheim,2 - 2,VfB Stuttgart,2,2,4,Draw,1,0,0,1,1,0,1,0
2022-11-12,TSG Hoffenheim,1 - 2,VfL Wolfsburg,1,2,3,Away,0,0,1,1,0,1,1,0
2022-11-12,TSG Hoffenheim,1 - 2,VfL Wolfsburg,1,2,3,Away,0,0,1,1,0,1,1,0
2022-11-05,TSG Hoffenheim,1 - 3,RB Leipzig,1,3,4,Away,0,0,1,1,0,1,1,0
2022-11-05,TSG Hoffenheim,1 - 3,RB Leipzig,1,3,4,Away,0,0,1,1,0,1,1,0
2022-10-22,TSG Hoffenheim,0 - 2,Bayern Munich,0,2,2,Away,0,0,1,1,0,1,0,1
2022-10-22,TSG Hoffenheim,0 - 2,Bayern Munich,0,2,2,Away,0,0,1,1,0,1,0,1
2022-10-07,TSG Hoffenheim,1 - 2,Werder Bremen,1,2,3,Away,0,0,1,1,0,1,1,0
2022-10-07,TSG Hoffenheim,1 - 2,Werder Bremen,1,2,3,Away,0,0,1,1,0,1,1,0
2022-09-18,TSG Hoffenheim,0 - 0,SC Freiburg,0,0,0,Draw,1,0,0,1,1,0,0,1
2022-09-18,TSG Hoffenheim,0 - 0,SC Freiburg,0,0,0,Draw,1,0,0,1,1,0,0,1
2022-09-10,TSG Hoffenheim,4 - 1,Mainz,4,1,5,Home,0,1,0,0,1,1,1,0
2022-09-10,TSG Hoffenheim,4 - 1,Mainz,4,1,5,Home,0,1,0,0,1,1,1,0
2022-08-27,TSG Hoffenheim,1 - 0,FC Augsburg,1,0,1,Home,0,1,0,0,1,1,0,1
2022-08-27,TSG Hoffenheim,1 - 0,FC Augsburg,1,0,1,Home,0,1,0,0,1,1,0,1
2022-08-13,TSG Hoffenheim,3 - 2,VfL Bochum,3,2,5,Home,0,1,0,0,1,1,1,0
2022-08-13,TSG Hoffenheim,3 - 2,VfL Bochum,3,2,5,Home,0,1,0,0,1,1,1,0
2023-07-16,St. Pauli,3 - 2,Nurnberg,3,2,5,Home,0,1,0,0,1,1,1,0
2023-07-16,St. Pauli,3 - 2,Nurnberg,3,2,5,Home,0,1,0,0,1,1,1,0
2023-02-12,St. Pauli,1 - 0,Kaiserslautern,1,0,1,Home,0,1,0,0,1,1,0,1
2023-02-12,St. Pauli,1 - 0,Kaiserslautern,1,0,1,Home,0,1,0,0,1,1,0,1
2023-02-05,St. Pauli,2 - 0,Hannover 96,2,0,2,Home,0,1,0,0,1,1,0,1
2023-02-05,St. Pauli,2 - 0,Hannover 96,2,0,2,Home,0,1,0,0,1,1,0,1
2022-11-08,St. Pauli,0 - 0,Holstein Kiel,0,0,0,Draw,1,0,0,1,1,0,0,1
2022-11-08,St. Pauli,0 - 0,Holstein Kiel,0,0,0,Draw,1,0,0,1,1,0,0,1
2022-10-29,St. Pauli,1 - 1,SV Darmstadt 98,1,1,2,Draw,1,0,0,1,1,0,1,0
2022-10-29,St. Pauli,1 - 1,SV Darmstadt 98,1,1,2,Draw,1,0,0,1,1,0,1,0
2022-10-14,St. Pauli,3 - 0,Hamburg SV,3,0,3,Home,0,1,0,0,1,1,0,1
2022-10-14,St. Pauli,3 - 0,Hamburg SV,3,0,3,Home,0,1,0,0,1,1,0,1
2022-10-01,St. Pauli,0 - 0,1. FC Heidenheim,0,0,0,Draw,1,0,0,1,1,0,0,1
2022-10-01,St. Pauli,0 - 0,1. FC Heidenheim,0,0,0,Draw,1,0,0,1,1,0,0,1
2022-09-11,St. Pauli,1 - 1,SV Sandhausen,1,1,2,Draw,1,0,0,1,1,0,1,0
2022-09-11,St. Pauli,1 - 1,SV Sandhausen,1,1,2,Draw,1,0,0,1,1,0,1,0
2022-08-27,St. Pauli,2 - 2,SC Paderborn 07,2,2,4,Draw,1,0,0,1,1,0,1,0
2022-08-27,St. Pauli,2 - 2,SC Paderborn 07,2,2,4,Draw,1,0,0,1,1,0,1,0
2022-08-14,St. Pauli,3 - 0,1. FC Magdeburg,3,0,3,Home,0,1,0,0,1,1,0,1
2022-08-14,St. Pauli,3 - 0,1. FC Magdeburg,3,0,3,Home,0,1,0,0,1,1,0,1
2023-07-16,SpVgg Greuther Furth,2 - 2,Holstein Kiel,2,2,4,Draw,1,0,0,1,1,0,1,0
2023-07-16,SpVgg Greuther Furth,2 - 2,Holstein Kiel,2,2,4,Draw,1,0,0,1,1,0,1,0
2023-02-18,SpVgg Greuther Furth,2 - 1,Fortuna Düsseldorf,2,1,3,Home,0,1,0,0,1,1,1,0
2023-02-18,SpVgg Greuther Furth,2 - 1,Fortuna Düsseldorf,2,1,3,Home,0,1,0,0,1,1,1,0
2023-02-04,SpVgg Greuther Furth,1 - 0,Nurnberg,1,0,1,Home,0,1,0,0,1,1,0,1
2023-02-04,SpVgg Greuther Furth,1 - 0,Nurnberg,1,0,1,Home,0,1,0,0,1,1,0,1
2022-11-09,SpVgg Greuther Furth,1 - 0,Hamburg SV,1,0,1,Home,0,1,0,0,1,1,0,1
2022-11-09,SpVgg Greuther Furth,1 - 0,Hamburg SV,1,0,1,Home,0,1,0,0,1,1,0,1
2022-10-28,SpVgg Greuther Furth,1 - 0,Arminia Bielefeld,1,0,1,Home,0,1,0,0,1,1,0,1
2022-10-28,SpVgg Greuther Furth,1 - 0,Arminia Bielefeld,1,0,1,Home,0,1,0,0,1,1,0,1
2022-10-14,SpVgg Greuther Furth,2 - 2,Hansa Rostock,2,2,4,Draw,1,0,0,1,1,0,1,0
2022-10-14,SpVgg Greuther Furth,2 - 2,Hansa Rostock,2,2,4,Draw,1,0,0,1,1,0,1,0
2022-10-01,SpVgg Greuther Furth,1 - 1,SV Sandhausen,1,1,2,Draw,1,0,0,1,1,0,1,0
2022-10-01,SpVgg Greuther Furth,1 - 1,SV Sandhausen,1,1,2,Draw,1,0,0,1,1,0,1,0
2022-09-18,SpVgg Greuther Furth,2 - 1,SC Paderborn 07,2,1,3,Home,0,1,0,0,1,1,1,0
2022-09-18,SpVgg Greuther Furth,2 - 1,SC Paderborn 07,2,1,3,Home,0,1,0,0,1,1,1,0
2022-09-03,SpVgg Greuther Furth,2 - 2,St. Pauli,2,2,4,Draw,1,0,0,1,1,0,1,0
2022-09-03,SpVgg Greuther Furth,2 - 2,St. Pauli,2,2,4,Draw,1,0,0,1,1,0,1,0
2022-08-21,SpVgg Greuther Furth,1 - 3,Kaiserslautern,1,3,4,Away,0,0,1,1,0,1,1,0
2022-08-21,SpVgg Greuther Furth,1 - 3,Kaiserslautern,1,3,4,Away,0,0,1,1,0,1,1,0
2022-08-05,SpVgg Greuther Furth,1 - 1,Karlsruher SC,1,1,2,Draw,1,0,0,1,1,0,1,0
2022-08-05,SpVgg Greuther Furth,1 - 1,Karlsruher SC,1,1,2,Draw,1,0,0,1,1,0,1,0
2023-02-25,Schalke 04,2 - 1,VfB Stuttgart,2,1,3,Home,0,1,0,0,1,1,1,0
2023-02-25,Schalke 04,2 - 1,VfB Stuttgart,2,1,3,Home,0,1,0,0,1,1,1,0
2023-02-10,Schalke 04,0 - 0,VfL Wolfsburg,0,0,0,Draw,1,0,0,1,1,0,0,1
2023-02-10,Schalke 04,0 - 0,VfL Wolfsburg,0,0,0,Draw,1,0,0,1,1,0,0,1
2023-01-29,Schalke 04,0 - 0,FC Cologne,0,0,0,Draw,1,0,0,1,1,0,0,1
2023-01-29,Schalke 04,0 - 0,FC Cologne,0,0,0,Draw,1,0,0,1,1,0,0,1
2023-01-24,Schalke 04,1 - 6,RB Leipzig,1,6,7,Away,0,0,1,1,0,1,1,0
2023-01-24,Schalke 04,1 - 6,RB Leipzig,1,6,7,Away,0,0,1,1,0,1,1,0
2022-11-12,Schalke 04,0 - 2,Bayern Munich,0,2,2,Away,0,0,1,1,0,1,0,1
2022-11-12,Schalke 04,0 - 2,Bayern Munich,0,2,2,Away,0,0,1,1,0,1,0,1
2022-11-09,Schalke 04,1 - 0,Mainz,1,0,1,Home,0,1,0,0,1,1,0,1
2022-11-09,Schalke 04,1 - 0,Mainz,1,0,1,Home,0,1,0,0,1,1,0,1
2022-10-30,Schalke 04,0 - 2,SC Freiburg,0,2,2,Away,0,0,1,1,0,1,0,1
2022-10-30,Schalke 04,0 - 2,SC Freiburg,0,2,2,Away,0,0,1,1,0,1,0,1
2022-10-14,Schalke 04,0 - 3,TSG Hoffenheim,0,3,3,Away,0,0,1,1,0,1,0,1
2022-10-14,Schalke 04,0 - 3,TSG Hoffenheim,0,3,3,Away,0,0,1,1,0,1,0,1
2022-10-02,Schalke 04,2 - 3,FC Augsburg,2,3,5,Away,0,0,1,1,0,1,1,0
2022-10-02,Schalke 04,2 - 3,FC Augsburg,2,3,5,Away,0,0,1,1,0,1,1,0
2022-09-10,Schalke 04,3 - 1,VfL Bochum,3,1,4,Home,0,1,0,0,1,1,1,0
2022-09-10,Schalke 04,3 - 1,VfL Bochum,3,1,4,Home,0,1,0,0,1,1,1,0
2022-08-27,Schalke 04,1 - 6,1. FC Union Berlin,1,6,7,Away,0,0,1,1,0,1,1,0
2022-08-27,Schalke 04,1 - 6,1. FC Union Berlin,1,6,7,Away,0,0,1,1,0,1,1,0
2022-08-13,Schalke 04,2 - 2,Borussia Monchengladbach,2,2,4,Draw,1,0,0,1,1,0,1,0
2022-08-13,Schalke 04,2 - 2,Borussia Monchengladbach,2,2,4,Draw,1,0,0,1,1,0,1,0
2023-07-16,SV Sandhausen,2 - 1,Arminia Bielefeld,2,1,3,Home,0,1,0,0,1,1,1,0
2023-07-16,SV Sandhausen,2 - 1,Arminia Bielefeld,2,1,3,Home,0,1,0,0,1,1,1,0
2023-02-19,SV Sandhausen,0 - 3,Karlsruher SC,0,3,3,Away,0,0,1,1,0,1,0,1
2023-02-19,SV Sandhausen,0 - 3,Karlsruher SC,0,3,3,Away,0,0,1,1,0,1,0,1
2023-02-03,SV Sandhausen,0 - 4,SV Darmstadt 98,0,4,4,Away,0,0,1,1,0,1,0,1
2023-02-03,SV Sandhausen,0 - 4,SV Darmstadt 98,0,4,4,Away,0,0,1,1,0,1,0,1
2022-11-09,SV Sandhausen,3 - 4,1. FC Heidenheim,3,4,7,Away,0,0,1,1,0,1,1,0
2022-11-09,SV Sandhausen,3 - 4,1. FC Heidenheim,3,4,7,Away,0,0,1,1,0,1,1,0
2022-10-30,SV Sandhausen,2 - 2,TSV Eintracht Braunschweig,2,2,4,Draw,1,0,0,1,1,0,1,0
2022-10-30,SV Sandhausen,2 - 2,TSV Eintracht Braunschweig,2,2,4,Draw,1,0,0,1,1,0,1,0
2022-10-09,SV Sandhausen,1 - 0,1. FC Magdeburg,1,0,1,Home,0,1,0,0,1,1,0,1
2022-10-09,SV Sandhausen,1 - 0,1. FC Magdeburg,1,0,1,Home,0,1,0,0,1,1,0,1
2022-09-16,SV Sandhausen,2 - 3,Hannover 96,2,3,5,Away,0,0,1,1,0,1,1,0
2022-09-16,SV Sandhausen,2 - 3,Hannover 96,2,3,5,Away,0,0,1,1,0,1,1,0
2022-09-04,SV Sandhausen,0 - 0,Kaiserslautern,0,0,0,Draw,1,0,0,1,1,0,0,1
2022-09-04,SV Sandhausen,0 - 0,Kaiserslautern,0,0,0,Draw,1,0,0,1,1,0,0,1
2022-08-20,SV Sandhausen,1 - 2,Nurnberg,1,2,3,Away,0,0,1,1,0,1,1,0
2022-08-20,SV Sandhausen,1 - 2,Nurnberg,1,2,3,Away,0,0,1,1,0,1,1,0
2022-08-05,SV Sandhausen,1 - 0,Fortuna Düsseldorf,1,0,1,Home,0,1,0,0,1,1,0,1
2022-08-05,SV Sandhausen,1 - 0,Fortuna Düsseldorf,1,0,1,Home,0,1,0,0,1,1,0,1
2023-07-22,SV Darmstadt 98,2 - 1,SV Sandhausen,2,1,3,Home,0,1,0,0,1,1,1,0
2023-07-22,SV Darmstadt 98,2 - 1,SV Sandhausen,2,1,3,Home,0,1,0,0,1,1,1,0
2023-02-25,SV Darmstadt 98,1 - 1,Hamburg SV,1,1,2,Draw,1,0,0,1,1,0,1,0
2023-02-25,SV Darmstadt 98,1 - 1,Hamburg SV,1,1,2,Draw,1,0,0,1,1,0,1,0
2023-02-12,SV Darmstadt 98,2 - 1,TSV Eintracht Braunschweig,2,1,3,Home,0,1,0,0,1,1,1,0
2023-02-12,SV Darmstadt 98,2 - 1,TSV Eintracht Braunschweig,2,1,3,Home,0,1,0,0,1,1,1,0
2023-01-28,SV Darmstadt 98,2 - 0,SSV Jahn Regensburg,2,0,2,Home,0,1,0,0,1,1,0,1
2023-01-28,SV Darmstadt 98,2 - 0,SSV Jahn Regensburg,2,0,2,Home,0,1,0,0,1,1,0,1
2022-11-13,SV Darmstadt 98,1 - 1,SpVgg Greuther Furth,1,1,2,Draw,1,0,0,1,1,0,1,0
2022-11-13,SV Darmstadt 98,1 - 1,SpVgg Greuther Furth,1,1,2,Draw,1,0,0,1,1,0,1,0
2022-11-04,SV Darmstadt 98,1 - 0,Hannover 96,1,0,1,Home,0,1,0,0,1,1,0,1
2022-11-04,SV Darmstadt 98,1 - 0,Hannover 96,1,0,1,Home,0,1,0,0,1,1,0,1
2022-10-21,SV Darmstadt 98,1 - 1,Holstein Kiel,1,1,2,Draw,1,0,0,1,1,0,1,0
2022-10-21,SV Darmstadt 98,1 - 1,Holstein Kiel,1,1,2,Draw,1,0,0,1,1,0,1,0
2022-10-08,SV Darmstadt 98,1 - 0,Fortuna Düsseldorf,1,0,1,Home,0,1,0,0,1,1,0,1
2022-10-08,SV Darmstadt 98,1 - 0,Fortuna Düsseldorf,1,0,1,Home,0,1,0,0,1,1,0,1
2022-09-17,SV Darmstadt 98,2 - 0,Nurnberg,2,0,2,Home,0,1,0,0,1,1,0,1
2022-09-17,SV Darmstadt 98,2 - 0,Nurnberg,2,0,2,Home,0,1,0,0,1,1,0,1
2022-09-04,SV Darmstadt 98,1 - 1,Arminia Bielefeld,1,1,2,Draw,1,0,0,1,1,0,1,0
2022-09-04,SV Darmstadt 98,1 - 1,Arminia Bielefeld,1,1,2,Draw,1,0,0,1,1,0,1,0
2022-08-27,SV Darmstadt 98,2 - 2,1. FC Heidenheim,2,2,4,Draw,1,0,0,1,1,0,1,0
2022-08-27,SV Darmstadt 98,2 - 2,1. FC Heidenheim,2,2,4,Draw,1,0,0,1,1,0,1,0
2022-08-13,SV Darmstadt 98,4 - 0,Hansa Rostock,4,0,4,Home,0,1,0,0,1,1,0,1
2022-08-13,SV Darmstadt 98,4 - 0,Hansa Rostock,4,0,4,Home,0,1,0,0,1,1,0,1
2023-07-16,SSV Jahn Regensburg,2 - 0,SV Darmstadt 98,2,0,2,Home,0,1,0,0,1,1,0,1
2023-07-16,SSV Jahn Regensburg,2 - 0,SV Darmstadt 98,2,0,2,Home,0,1,0,0,1,1,0,1
2023-02-18,SSV Jahn Regensburg,1 - 1,Hannover 96,1,1,2,Draw,1,0,0,1,1,0,1,0
2023-02-18,SSV Jahn Regensburg,1 - 1,Hannover 96,1,1,2,Draw,1,0,0,1,1,0,1,0
2023-02-04,SSV Jahn Regensburg,1 - 3,Arminia Bielefeld,1,3,4,Away,0,0,1,1,0,1,1,0
2023-02-04,SSV Jahn Regensburg,1 - 3,Arminia Bielefeld,1,3,4,Away,0,0,1,1,0,1,1,0
2022-11-09,SSV Jahn Regensburg,1 - 1,TSV Eintracht Braunschweig,1,1,2,Draw,1,0,0,1,1,0,1,0
2022-11-09,SSV Jahn Regensburg,1 - 1,TSV Eintracht Braunschweig,1,1,2,Draw,1,0,0,1,1,0,1,0
2022-10-29,SSV Jahn Regensburg,0 - 3,Hansa Rostock,0,3,3,Away,0,0,1,1,0,1,0,1
2022-10-29,SSV Jahn Regensburg,0 - 3,Hansa Rostock,0,3,3,Away,0,0,1,1,0,1,0,1
2022-10-22,SSV Jahn Regensburg,2 - 1,SV Sandhausen,2,1,3,Home,0,1,0,0,1,1,1,0
2022-10-22,SSV Jahn Regensburg,2 - 1,SV Sandhausen,2,1,3,Home,0,1,0,0,1,1,1,0
2022-10-07,SSV Jahn Regensburg,2 - 2,SpVgg Greuther Furth,2,2,4,Draw,1,0,0,1,1,0,1,0
2022-10-07,SSV Jahn Regensburg,2 - 2,SpVgg Greuther Furth,2,2,4,Draw,1,0,0,1,1,0,1,0
2022-09-18,SSV Jahn Regensburg,2 - 0,St. Pauli,2,0,2,Home,0,1,0,0,1,1,0,1
2022-09-18,SSV Jahn Regensburg,2 - 0,St. Pauli,2,0,2,Home,0,1,0,0,1,1,0,1
2022-09-03,SSV Jahn Regensburg,0 - 0,Holstein Kiel,0,0,0,Draw,1,0,0,1,1,0,0,1
2022-09-03,SSV Jahn Regensburg,0 - 0,Holstein Kiel,0,0,0,Draw,1,0,0,1,1,0,0,1
2022-08-20,SSV Jahn Regensburg,0 - 6,Karlsruher SC,0,6,6,Away,0,0,1,1,0,1,0,1
2022-08-20,SSV Jahn Regensburg,0 - 6,Karlsruher SC,0,6,6,Away,0,0,1,1,0,1,0,1
2022-08-06,SSV Jahn Regensburg,0 - 0,Nurnberg,0,0,0,Draw,1,0,0,1,1,0,0,1
2022-08-06,SSV Jahn Regensburg,0 - 0,Nurnberg,0,0,0,Draw,1,0,0,1,1,0,0,1
2023-07-17,SC Paderborn 07,5 - 0,Karlsruher SC,5,0,5,Home,0,1,0,0,1,1,0,1
2023-07-17,SC Paderborn 07,5 - 0,Karlsruher SC,5,0,5,Home,0,1,0,0,1,1,0,1
2023-02-17,SC Paderborn 07,1 - 0,Kaiserslautern,1,0,1,Home,0,1,0,0,1,1,0,1
2023-02-17,SC Paderborn 07,1 - 0,Kaiserslautern,1,0,1,Home,0,1,0,0,1,1,0,1
2023-02-03,SC Paderborn 07,4 - 1,Fortuna Düsseldorf,4,1,5,Home,0,1,0,0,1,1,1,0
2023-02-03,SC Paderborn 07,4 - 1,Fortuna Düsseldorf,4,1,5,Home,0,1,0,0,1,1,1,0
2022-11-08,SC Paderborn 07,0 - 2,Arminia Bielefeld,0,2,2,Away,0,0,1,1,0,1,0,1
2022-11-08,SC Paderborn 07,0 - 2,Arminia Bielefeld,0,2,2,Away,0,0,1,1,0,1,0,1
2022-10-30,SC Paderborn 07,2 - 3,Hamburg SV,2,3,5,Away,0,0,1,1,0,1,1,0
2022-10-30,SC Paderborn 07,2 - 3,Hamburg SV,2,3,5,Away,0,0,1,1,0,1,1,0
2022-10-16,SC Paderborn 07,3 - 0,SV Sandhausen,3,0,3,Home,0,1,0,0,1,1,0,1
2022-10-16,SC Paderborn 07,3 - 0,SV Sandhausen,3,0,3,Home,0,1,0,0,1,1,0,1
2022-09-30,SC Paderborn 07,1 - 2,SV Darmstadt 98,1,2,3,Away,0,0,1,1,0,1,1,0
2022-09-30,SC Paderborn 07,1 - 2,SV Darmstadt 98,1,2,3,Away,0,0,1,1,0,1,1,0
2022-09-10,SC Paderborn 07,3 - 0,SSV Jahn Regensburg,3,0,3,Home,0,1,0,0,1,1,0,1
2022-09-10,SC Paderborn 07,3 - 0,SSV Jahn Regensburg,3,0,3,Home,0,1,0,0,1,1,0,1
2022-09-03,SC Paderborn 07,1 - 0,1. FC Magdeburg,1,0,1,Home,0,1,0,0,1,1,0,1
2022-09-03,SC Paderborn 07,1 - 0,1. FC Magdeburg,1,0,1,Home,0,1,0,0,1,1,0,1
2022-08-20,SC Paderborn 07,7 - 2,Holstein Kiel,7,2,9,Home,0,1,0,0,1,1,1,0
2022-08-20,SC Paderborn 07,7 - 2,Holstein Kiel,7,2,9,Home,0,1,0,0,1,1,1,0
2022-08-06,SC Paderborn 07,4 - 2,Hannover 96,4,2,6,Home,0,1,0,0,1,1,1,0
2022-08-06,SC Paderborn 07,4 - 2,Hannover 96,4,2,6,Home,0,1,0,0,1,1,1,0
2023-02-11,SC Freiburg,2 - 1,VfB Stuttgart,2,1,3,Home,0,1,0,0,1,1,1,0
2023-02-11,SC Freiburg,2 - 1,VfB Stuttgart,2,1,3,Home,0,1,0,0,1,1,1,0
2023-01-28,SC Freiburg,3 - 1,FC Augsburg,3,1,4,Home,0,1,0,0,1,1,1,0
2023-01-28,SC Freiburg,3 - 1,FC Augsburg,3,1,4,Home,0,1,0,0,1,1,1,0
2023-01-25,SC Freiburg,1 - 1,Eintracht Frankfurt,1,1,2,Draw,1,0,0,1,1,0,1,0
2023-01-25,SC Freiburg,1 - 1,Eintracht Frankfurt,1,1,2,Draw,1,0,0,1,1,0,1,0
2022-11-13,SC Freiburg,4 - 1,1. FC Union Berlin,4,1,5,Home,0,1,0,0,1,1,1,0
2022-11-13,SC Freiburg,4 - 1,1. FC Union Berlin,4,1,5,Home,0,1,0,0,1,1,1,0
2022-11-06,SC Freiburg,2 - 0,FC Cologne,2,0,2,Home,0,1,0,0,1,1,0,1
2022-11-06,SC Freiburg,2 - 0,FC Cologne,2,0,2,Home,0,1,0,0,1,1,0,1
2022-10-22,SC Freiburg,2 - 0,Werder Bremen,2,0,2,Home,0,1,0,0,1,1,0,1
2022-10-22,SC Freiburg,2 - 0,Werder Bremen,2,0,2,Home,0,1,0,0,1,1,0,1
2022-10-01,SC Freiburg,2 - 1,Mainz,2,1,3,Home,0,1,0,0,1,1,1,0
2022-10-01,SC Freiburg,2 - 1,Mainz,2,1,3,Home,0,1,0,0,1,1,1,0
2022-09-11,SC Freiburg,0 - 0,Borussia Monchengladbach,0,0,0,Draw,1,0,0,1,1,0,0,1
2022-09-11,SC Freiburg,0 - 0,Borussia Monchengladbach,0,0,0,Draw,1,0,0,1,1,0,0,1
2022-08-26,SC Freiburg,1 - 0,VfL Bochum,1,0,1,Home,0,1,0,0,1,1,0,1
2022-08-26,SC Freiburg,1 - 0,VfL Bochum,1,0,1,Home,0,1,0,0,1,1,0,1
2022-08-12,SC Freiburg,1 - 3,Borussia Dortmund,1,3,4,Away,0,0,1,1,0,1,1,0
2022-08-12,SC Freiburg,1 - 3,Borussia Dortmund,1,3,4,Away,0,0,1,1,0,1,1,0
2023-02-25,RB Leipzig,2 - 1,Eintracht Frankfurt,2,1,3,Home,0,1,0,0,1,1,1,0
2023-02-25,RB Leipzig,2 - 1,Eintracht Frankfurt,2,1,3,Home,0,1,0,0,1,1,1,0
2023-02-11,RB Leipzig,1 - 2,1. FC Union Berlin,1,2,3,Away,0,0,1,1,0,1,1,0
2023-02-11,RB Leipzig,1 - 2,1. FC Union Berlin,1,2,3,Away,0,0,1,1,0,1,1,0
2023-01-27,RB Leipzig,2 - 1,VfB Stuttgart,2,1,3,Home,0,1,0,0,1,1,1,0
2023-01-27,RB Leipzig,2 - 1,VfB Stuttgart,2,1,3,Home,0,1,0,0,1,1,1,0
2023-01-20,RB Leipzig,1 - 1,Bayern Munich,1,1,2,Draw,1,0,0,1,1,0,1,0
2023-01-20,RB Leipzig,1 - 1,Bayern Munich,1,1,2,Draw,1,0,0,1,1,0,1,0
2022-11-09,RB Leipzig,3 - 1,SC Freiburg,3,1,4,Home,0,1,0,0,1,1,1,0
2022-11-09,RB Leipzig,3 - 1,SC Freiburg,3,1,4,Home,0,1,0,0,1,1,1,0
2022-10-29,RB Leipzig,2 - 0,Bayer Leverkusen,2,0,2,Home,0,1,0,0,1,1,0,1
2022-10-29,RB Leipzig,2 - 0,Bayer Leverkusen,2,0,2,Home,0,1,0,0,1,1,0,1
2022-10-15,RB Leipzig,3 - 2,Hertha Berlin,3,2,5,Home,0,1,0,0,1,1,1,0
2022-10-15,RB Leipzig,3 - 2,Hertha Berlin,3,2,5,Home,0,1,0,0,1,1,1,0
2022-10-01,RB Leipzig,4 - 0,VfL Bochum,4,0,4,Home,0,1,0,0,1,1,0,1
2022-10-01,RB Leipzig,4 - 0,VfL Bochum,4,0,4,Home,0,1,0,0,1,1,0,1
2022-09-10,RB Leipzig,3 - 0,Borussia Dortmund,3,0,3,Home,0,1,0,0,1,1,0,1
2022-09-10,RB Leipzig,3 - 0,Borussia Dortmund,3,0,3,Home,0,1,0,0,1,1,0,1
2022-08-27,RB Leipzig,2 - 0,VfL Wolfsburg,2,0,2,Home,0,1,0,0,1,1,0,1
2022-08-27,RB Leipzig,2 - 0,VfL Wolfsburg,2,0,2,Home,0,1,0,0,1,1,0,1
2022-08-13,RB Leipzig,2 - 2,FC Cologne,2,2,4,Draw,1,0,0,1,1,0,1,0
2022-08-13,RB Leipzig,2 - 2,FC Cologne,2,2,4,Draw,1,0,0,1,1,0,1,0
2023-07-23,Nurnberg,2 - 0,SpVgg Greuther Furth,2,0,2,Home,0,1,0,0,1,1,0,1
2023-07-23,Nurnberg,2 - 0,SpVgg Greuther Furth,2,0,2,Home,0,1,0,0,1,1,0,1
2023-02-25,Nurnberg,1 - 0,SV Sandhausen,1,0,1,Home,0,1,0,0,1,1,0,1
2023-02-25,Nurnberg,1 - 0,SV Sandhausen,1,0,1,Home,0,1,0,0,1,1,0,1
2023-02-11,Nurnberg,1 - 0,SSV Jahn Regensburg,1,0,1,Home,0,1,0,0,1,1,0,1
2023-02-11,Nurnberg,1 - 0,SSV Jahn Regensburg,1,0,1,Home,0,1,0,0,1,1,0,1
2023-01-29,Nurnberg,0 - 1,St. Pauli,0,1,1,Away,0,0,1,1,0,1,0,1
2023-01-29,Nurnberg,0 - 1,St. Pauli,0,1,1,Away,0,0,1,1,0,1,0,1
2022-11-13,Nurnberg,2 - 1,SC Paderborn 07,2,1,3,Home,0,1,0,0,1,1,1,0
2022-11-13,Nurnberg,2 - 1,SC Paderborn 07,2,1,3,Home,0,1,0,0,1,1,1,0
2022-11-06,Nurnberg,1 - 2,1. FC Magdeburg,1,2,3,Away,0,0,1,1,0,1,1,0
2022-11-06,Nurnberg,1 - 2,1. FC Magdeburg,1,2,3,Away,0,0,1,1,0,1,1,0
2022-10-22,Nurnberg,0 - 0,Hannover 96,0,0,0,Draw,1,0,0,1,1,0,0,1
2022-10-22,Nurnberg,0 - 0,Hannover 96,0,0,0,Draw,1,0,0,1,1,0,0,1
2022-10-09,Nurnberg,2 - 3,Holstein Kiel,2,3,5,Away,0,0,1,1,0,1,1,0
2022-10-09,Nurnberg,2 - 3,Holstein Kiel,2,3,5,Away,0,0,1,1,0,1,1,0
2022-09-09,Nurnberg,1 - 0,Arminia Bielefeld,1,0,1,Home,0,1,0,0,1,1,0,1
2022-09-09,Nurnberg,1 - 0,Arminia Bielefeld,1,0,1,Home,0,1,0,0,1,1,0,1
2022-08-27,Nurnberg,0 - 2,Hamburg SV,0,2,2,Away,0,0,1,1,0,1,0,1
2022-08-27,Nurnberg,0 - 2,Hamburg SV,0,2,2,Away,0,0,1,1,0,1,0,1
2022-08-12,Nurnberg,0 - 3,1. FC Heidenheim,0,3,3,Away,0,0,1,1,0,1,0,1
2022-08-12,Nurnberg,0 - 3,1. FC Heidenheim,0,3,3,Away,0,0,1,1,0,1,0,1
2023-02-24,Mainz,4 - 0,Borussia Monchengladbach,4,0,4,Home,0,1,0,0,1,1,0,1
2023-02-24,Mainz,4 - 0,Borussia Monchengladbach,4,0,4,Home,0,1,0,0,1,1,0,1
2023-02-11,Mainz,3 - 1,FC Augsburg,3,1,4,Home,0,1,0,0,1,1,1,0
2023-02-11,Mainz,3 - 1,FC Augsburg,3,1,4,Home,0,1,0,0,1,1,1,0
2023-01-28,Mainz,5 - 2,VfL Bochum,5,2,7,Home,0,1,0,0,1,1,1,0
2023-01-28,Mainz,5 - 2,VfL Bochum,5,2,7,Home,0,1,0,0,1,1,1,0
2023-01-25,Mainz,1 - 2,Borussia Dortmund,1,2,3,Away,0,0,1,1,0,1,1,0
2023-01-25,Mainz,1 - 2,Borussia Dortmund,1,2,3,Away,0,0,1,1,0,1,1,0
2022-11-13,Mainz,1 - 1,Eintracht Frankfurt,1,1,2,Draw,1,0,0,1,1,0,1,0
2022-11-13,Mainz,1 - 1,Eintracht Frankfurt,1,1,2,Draw,1,0,0,1,1,0,1,0
2022-11-05,Mainz,0 - 3,VfL Wolfsburg,0,3,3,Away,0,0,1,1,0,1,0,1
2022-11-05,Mainz,0 - 3,VfL Wolfsburg,0,3,3,Away,0,0,1,1,0,1,0,1
2022-10-21,Mainz,5 - 0,FC Cologne,5,0,5,Home,0,1,0,0,1,1,0,1
2022-10-21,Mainz,5 - 0,FC Cologne,5,0,5,Home,0,1,0,0,1,1,0,1
2022-10-08,Mainz,1 - 1,RB Leipzig,1,1,2,Draw,1,0,0,1,1,0,1,0
2022-10-08,Mainz,1 - 1,RB Leipzig,1,1,2,Draw,1,0,0,1,1,0,1,0
2022-09-16,Mainz,1 - 1,Hertha Berlin,1,1,2,Draw,1,0,0,1,1,0,1,0
2022-09-16,Mainz,1 - 1,Hertha Berlin,1,1,2,Draw,1,0,0,1,1,0,1,0
2022-08-27,Mainz,0 - 3,Bayer Leverkusen,0,3,3,Away,0,0,1,1,0,1,0,1
2022-08-27,Mainz,0 - 3,Bayer Leverkusen,0,3,3,Away,0,0,1,1,0,1,0,1
2022-08-14,Mainz,0 - 0,1. FC Union Berlin,0,0,0,Draw,1,0,0,1,1,0,0,1
2022-08-14,Mainz,0 - 0,1. FC Union Berlin,0,0,0,Draw,1,0,0,1,1,0,0,1
2023-07-24,Karlsruher SC,2 - 3,1. FC Magdeburg,2,3,5,Away,0,0,1,1,0,1,1,0
2023-07-24,Karlsruher SC,2 - 3,1. FC Magdeburg,2,3,5,Away,0,0,1,1,0,1,1,0
2023-02-24,Karlsruher SC,1 - 0,SSV Jahn Regensburg,1,0,1,Home,0,1,0,0,1,1,0,1
2023-02-24,Karlsruher SC,1 - 0,SSV Jahn Regensburg,1,0,1,Home,0,1,0,0,1,1,0,1
2023-02-10,Karlsruher SC,2 - 1,SpVgg Greuther Furth,2,1,3,Home,0,1,0,0,1,1,1,0
2023-02-10,Karlsruher SC,2 - 1,SpVgg Greuther Furth,2,1,3,Home,0,1,0,0,1,1,1,0
2023-01-27,Karlsruher SC,0 - 1,SC Paderborn 07,0,1,1,Away,0,0,1,1,0,1,0,1
2023-01-27,Karlsruher SC,0 - 1,SC Paderborn 07,0,1,1,Away,0,0,1,1,0,1,0,1
2022-11-12,Karlsruher SC,4 - 4,St. Pauli,4,4,8,Draw,1,0,0,1,1,0,1,0
2022-11-12,Karlsruher SC,4 - 4,St. Pauli,4,4,8,Draw,1,0,0,1,1,0,1,0
2022-11-05,Karlsruher SC,1 - 4,Holstein Kiel,1,4,5,Away,0,0,1,1,0,1,1,0
2022-11-05,Karlsruher SC,1 - 4,Holstein Kiel,1,4,5,Away,0,0,1,1,0,1,1,0
2022-10-23,Karlsruher SC,0 - 2,Fortuna Düsseldorf,0,2,2,Away,0,0,1,1,0,1,0,1
2022-10-23,Karlsruher SC,0 - 2,Fortuna Düsseldorf,0,2,2,Away,0,0,1,1,0,1,0,1
2022-10-15,Karlsruher SC,1 - 2,SV Darmstadt 98,1,2,3,Away,0,0,1,1,0,1,1,0
2022-10-15,Karlsruher SC,1 - 2,SV Darmstadt 98,1,2,3,Away,0,0,1,1,0,1,1,0
2022-10-02,Karlsruher SC,3 - 0,Nurnberg,3,0,3,Home,0,1,0,0,1,1,0,1
2022-10-02,Karlsruher SC,3 - 0,Nurnberg,3,0,3,Home,0,1,0,0,1,1,0,1
2022-09-10,Karlsruher SC,0 - 0,1. FC Heidenheim,0,0,0,Draw,1,0,0,1,1,0,0,1
2022-09-10,Karlsruher SC,0 - 0,1. FC Heidenheim,0,0,0,Draw,1,0,0,1,1,0,0,1
2022-08-27,Karlsruher SC,2 - 0,Hansa Rostock,2,0,2,Home,0,1,0,0,1,1,0,1
2022-08-27,Karlsruher SC,2 - 0,Hansa Rostock,2,0,2,Home,0,1,0,0,1,1,0,1
2022-08-13,Karlsruher SC,3 - 2,SV Sandhausen,3,2,5,Home,0,1,0,0,1,1,1,0
2022-08-13,Karlsruher SC,3 - 2,SV Sandhausen,3,2,5,Home,0,1,0,0,1,1,1,0
2023-07-15,Kaiserslautern,2 - 1,Hannover 96,2,1,3,Home,0,1,0,0,1,1,1,0
2023-07-15,Kaiserslautern,2 - 1,Hannover 96,2,1,3,Home,0,1,0,0,1,1,1,0
2023-02-25,Kaiserslautern,3 - 1,SpVgg Greuther Furth,3,1,4,Home,0,1,0,0,1,1,1,0
2023-02-25,Kaiserslautern,3 - 1,SpVgg Greuther Furth,3,1,4,Home,0,1,0,0,1,1,1,0
2023-02-04,Kaiserslautern,2 - 1,Holstein Kiel,2,1,3,Home,0,1,0,0,1,1,1,0
2023-02-04,Kaiserslautern,2 - 1,Holstein Kiel,2,1,3,Home,0,1,0,0,1,1,1,0
2022-11-08,Kaiserslautern,2 - 0,Karlsruher SC,2,0,2,Home,0,1,0,0,1,1,0,1
2022-11-08,Kaiserslautern,2 - 0,Karlsruher SC,2,0,2,Home,0,1,0,0,1,1,0,1
2022-10-29,Kaiserslautern,0 - 0,Nurnberg,0,0,0,Draw,1,0,0,1,1,0,0,1
2022-10-29,Kaiserslautern,0 - 0,Nurnberg,0,0,0,Draw,1,0,0,1,1,0,0,1
2022-10-16,Kaiserslautern,0 - 3,SSV Jahn Regensburg,0,3,3,Away,0,0,1,1,0,1,0,1
2022-10-16,Kaiserslautern,0 - 3,SSV Jahn Regensburg,0,3,3,Away,0,0,1,1,0,1,0,1
2022-10-02,Kaiserslautern,1 - 1,TSV Eintracht Braunschweig,1,1,2,Draw,1,0,0,1,1,0,1,0
2022-10-02,Kaiserslautern,1 - 1,TSV Eintracht Braunschweig,1,1,2,Draw,1,0,0,1,1,0,1,0
2022-09-11,Kaiserslautern,3 - 3,SV Darmstadt 98,3,3,6,Draw,1,0,0,1,1,0,1,0
2022-09-11,Kaiserslautern,3 - 3,SV Darmstadt 98,3,3,6,Draw,1,0,0,1,1,0,1,0
2022-08-28,Kaiserslautern,4 - 4,1. FC Magdeburg,4,4,8,Draw,1,0,0,1,1,0,1,0
2022-08-28,Kaiserslautern,4 - 4,1. FC Magdeburg,4,4,8,Draw,1,0,0,1,1,0,1,0
2022-08-12,Kaiserslautern,0 - 1,SC Paderborn 07,0,1,1,Away,0,0,1,1,0,1,0,1
2022-08-12,Kaiserslautern,0 - 1,SC Paderborn 07,0,1,1,Away,0,0,1,1,0,1,0,1
2022-08-07,Kaiserslautern,2 - 1,St. Pauli,2,1,3,Home,0,1,0,0,1,1,1,0
2022-08-07,Kaiserslautern,2 - 1,St. Pauli,2,1,3,Home,0,1,0,0,1,1,1,0
2023-07-23,Holstein Kiel,2 - 2,Kaiserslautern,2,2,4,Draw,1,0,0,1,1,0,1,0
2023-07-23,Holstein Kiel,2 - 2,Kaiserslautern,2,2,4,Draw,1,0,0,1,1,0,1,0
2023-02-25,Holstein Kiel,1 - 1,SC Paderborn 07,1,1,2,Draw,1,0,0,1,1,0,1,0
2023-02-25,Holstein Kiel,1 - 1,SC Paderborn 07,1,1,2,Draw,1,0,0,1,1,0,1,0
2023-02-11,Holstein Kiel,2 - 3,1. FC Magdeburg,2,3,5,Away,0,0,1,1,0,1,1,0
2023-02-11,Holstein Kiel,2 - 3,1. FC Magdeburg,2,3,5,Away,0,0,1,1,0,1,1,0
2023-01-28,Holstein Kiel,2 - 1,SpVgg Greuther Furth,2,1,3,Home,0,1,0,0,1,1,1,0
2023-01-28,Holstein Kiel,2 - 1,SpVgg Greuther Furth,2,1,3,Home,0,1,0,0,1,1,1,0
2022-11-11,Holstein Kiel,1 - 1,Hannover 96,1,1,2,Draw,1,0,0,1,1,0,1,0
2022-11-11,Holstein Kiel,1 - 1,Hannover 96,1,1,2,Draw,1,0,0,1,1,0,1,0
2022-10-29,Holstein Kiel,1 - 2,Fortuna Düsseldorf,1,2,3,Away,0,0,1,1,0,1,1,0
2022-10-29,Holstein Kiel,1 - 2,Fortuna Düsseldorf,1,2,3,Away,0,0,1,1,0,1,1,0
2022-10-16,Holstein Kiel,3 - 1,1. FC Heidenheim,3,1,4,Home,0,1,0,0,1,1,1,0
2022-10-16,Holstein Kiel,3 - 1,1. FC Heidenheim,3,1,4,Home,0,1,0,0,1,1,1,0
2022-10-01,Holstein Kiel,1 - 1,Hansa Rostock,1,1,2,Draw,1,0,0,1,1,0,1,0
2022-10-01,Holstein Kiel,1 - 1,Hansa Rostock,1,1,2,Draw,1,0,0,1,1,0,1,0
2022-09-09,Holstein Kiel,2 - 3,Hamburg SV,2,3,5,Away,0,0,1,1,0,1,1,0
2022-09-09,Holstein Kiel,2 - 3,Hamburg SV,2,3,5,Away,0,0,1,1,0,1,1,0
2022-08-28,Holstein Kiel,1 - 0,SV Sandhausen,1,0,1,Home,0,1,0,0,1,1,0,1
2022-08-28,Holstein Kiel,1 - 0,SV Sandhausen,1,0,1,Home,0,1,0,0,1,1,0,1
2022-08-13,Holstein Kiel,3 - 0,TSV Eintracht Braunschweig,3,0,3,Home,0,1,0,0,1,1,0,1
2022-08-13,Holstein Kiel,3 - 0,TSV Eintracht Braunschweig,3,0,3,Home,0,1,0,0,1,1,0,1
2023-02-25,Hertha Berlin,2 - 0,FC Augsburg,2,0,2,Home,0,1,0,0,1,1,0,1
2023-02-25,Hertha Berlin,2 - 0,FC Augsburg,2,0,2,Home,0,1,0,0,1,1,0,1
2023-02-12,Hertha Berlin,4 - 1,Borussia Monchengladbach,4,1,5,Home,0,1,0,0,1,1,1,0
2023-02-12,Hertha Berlin,4 - 1,Borussia Monchengladbach,4,1,5,Home,0,1,0,0,1,1,1,0
2023-01-28,Hertha Berlin,0 - 2,1. FC Union Berlin,0,2,2,Away,0,0,1,1,0,1,0,1
2023-01-28,Hertha Berlin,0 - 2,1. FC Union Berlin,0,2,2,Away,0,0,1,1,0,1,0,1
2023-01-24,Hertha Berlin,0 - 5,VfL Wolfsburg,0,5,5,Away,0,0,1,1,0,1,0,1
2023-01-24,Hertha Berlin,0 - 5,VfL Wolfsburg,0,5,5,Away,0,0,1,1,0,1,0,1
2022-11-12,Hertha Berlin,2 - 0,FC Cologne,2,0,2,Home,0,1,0,0,1,1,0,1
2022-11-12,Hertha Berlin,2 - 0,FC Cologne,2,0,2,Home,0,1,0,0,1,1,0,1
2022-11-05,Hertha Berlin,2 - 3,Bayern Munich,2,3,5,Away,0,0,1,1,0,1,1,0
2022-11-05,Hertha Berlin,2 - 3,Bayern Munich,2,3,5,Away,0,0,1,1,0,1,1,0
2022-10-23,Hertha Berlin,2 - 1,Schalke 04,2,1,3,Home,0,1,0,0,1,1,1,0
2022-10-23,Hertha Berlin,2 - 1,Schalke 04,2,1,3,Home,0,1,0,0,1,1,1,0
2022-10-09,Hertha Berlin,2 - 2,SC Freiburg,2,2,4,Draw,1,0,0,1,1,0,1,0
2022-10-09,Hertha Berlin,2 - 2,SC Freiburg,2,2,4,Draw,1,0,0,1,1,0,1,0
2022-10-02,Hertha Berlin,1 - 1,TSG Hoffenheim,1,1,2,Draw,1,0,0,1,1,0,1,0
2022-10-02,Hertha Berlin,1 - 1,TSG Hoffenheim,1,1,2,Draw,1,0,0,1,1,0,1,0
2022-09-10,Hertha Berlin,2 - 2,Bayer Leverkusen,2,2,4,Draw,1,0,0,1,1,0,1,0
2022-09-10,Hertha Berlin,2 - 2,Bayer Leverkusen,2,2,4,Draw,1,0,0,1,1,0,1,0
2022-08-27,Hertha Berlin,0 - 1,Borussia Dortmund,0,1,1,Away,0,0,1,1,0,1,0,1
2022-08-27,Hertha Berlin,0 - 1,Borussia Dortmund,0,1,1,Away,0,0,1,1,0,1,0,1
2022-08-13,Hertha Berlin,1 - 1,Eintracht Frankfurt,1,1,2,Draw,1,0,0,1,1,0,1,0
2022-08-13,Hertha Berlin,1 - 1,Eintracht Frankfurt,1,1,2,Draw,1,0,0,1,1,0,1,0
2023-07-17,Hansa Rostock,0 - 1,1. FC Heidenheim,0,1,1,Away,0,0,1,1,0,1,0,1
2023-07-17,Hansa Rostock,0 - 1,1. FC Heidenheim,0,1,1,Away,0,0,1,1,0,1,0,1
2023-02-18,Hansa Rostock,0 - 1,SV Darmstadt 98,0,1,1,Away,0,0,1,1,0,1,0,1
2023-02-18,Hansa Rostock,0 - 1,SV Darmstadt 98,0,1,1,Away,0,0,1,1,0,1,0,1
2023-02-05,Hansa Rostock,0 - 2,Hamburg SV,0,2,2,Away,0,0,1,1,0,1,0,1
2023-02-05,Hansa Rostock,0 - 2,Hamburg SV,0,2,2,Away,0,0,1,1,0,1,0,1
2022-11-09,Hansa Rostock,1 - 1,Nurnberg,1,1,2,Draw,1,0,0,1,1,0,1,0
2022-11-09,Hansa Rostock,1 - 1,Nurnberg,1,1,2,Draw,1,0,0,1,1,0,1,0
2022-11-04,Hansa Rostock,0 - 1,SV Sandhausen,0,1,1,Away,0,0,1,1,0,1,0,1
2022-11-04,Hansa Rostock,0 - 1,SV Sandhausen,0,1,1,Away,0,0,1,1,0,1,0,1
2022-10-21,Hansa Rostock,0 - 2,Kaiserslautern,0,2,2,Away,0,0,1,1,0,1,0,1
2022-10-21,Hansa Rostock,0 - 2,Kaiserslautern,0,2,2,Away,0,0,1,1,0,1,0,1
2022-10-08,Hansa Rostock,0 - 3,SC Paderborn 07,0,3,3,Away,0,0,1,1,0,1,0,1
2022-10-08,Hansa Rostock,0 - 3,SC Paderborn 07,0,3,3,Away,0,0,1,1,0,1,0,1
2022-09-17,Hansa Rostock,3 - 1,1. FC Magdeburg,3,1,4,Home,0,1,0,0,1,1,1,0
2022-09-17,Hansa Rostock,3 - 1,1. FC Magdeburg,3,1,4,Home,0,1,0,0,1,1,1,0
2022-09-04,Hansa Rostock,0 - 1,Hannover 96,0,1,1,Away,0,0,1,1,0,1,0,1
2022-09-04,Hansa Rostock,0 - 1,Hannover 96,0,1,1,Away,0,0,1,1,0,1,0,1
2022-08-21,Hansa Rostock,2 - 0,St. Pauli,2,0,2,Home,0,1,0,0,1,1,0,1
2022-08-21,Hansa Rostock,2 - 0,St. Pauli,2,0,2,Home,0,1,0,0,1,1,0,1
2022-08-06,Hansa Rostock,2 - 1,Arminia Bielefeld,2,1,3,Home,0,1,0,0,1,1,1,0
2022-08-06,Hansa Rostock,2 - 1,Arminia Bielefeld,2,1,3,Home,0,1,0,0,1,1,1,0
2023-07-23,Hannover 96,2 - 2,St. Pauli,2,2,4,Draw,1,0,0,1,1,0,1,0
2023-07-23,Hannover 96,2 - 2,St. Pauli,2,2,4,Draw,1,0,0,1,1,0,1,0
2023-02-11,Hannover 96,3 - 4,SC Paderborn 07,3,4,7,Away,0,0,1,1,0,1,1,0
2023-02-11,Hannover 96,3 - 4,SC Paderborn 07,3,4,7,Away,0,0,1,1,0,1,1,0
2023-01-28,Hannover 96,1 - 3,Kaiserslautern,1,3,4,Away,0,0,1,1,0,1,1,0
2023-01-28,Hannover 96,1 - 3,Kaiserslautern,1,3,4,Away,0,0,1,1,0,1,1,0
2022-11-08,Hannover 96,2 - 0,Fortuna Düsseldorf,2,0,2,Home,0,1,0,0,1,1,0,1
2022-11-08,Hannover 96,2 - 0,Fortuna Düsseldorf,2,0,2,Home,0,1,0,0,1,1,0,1
2022-10-30,Hannover 96,1 - 0,Karlsruher SC,1,0,1,Home,0,1,0,0,1,1,0,1
2022-10-30,Hannover 96,1 - 0,Karlsruher SC,1,0,1,Home,0,1,0,0,1,1,0,1
2022-10-15,Hannover 96,2 - 0,Arminia Bielefeld,2,0,2,Home,0,1,0,0,1,1,0,1
2022-10-15,Hannover 96,2 - 0,Arminia Bielefeld,2,0,2,Home,0,1,0,0,1,1,0,1
2022-09-30,Hannover 96,1 - 2,Hamburg SV,1,2,3,Away,0,0,1,1,0,1,1,0
2022-09-30,Hannover 96,1 - 2,Hamburg SV,1,2,3,Away,0,0,1,1,0,1,1,0
2022-09-10,Hannover 96,1 - 1,TSV Eintracht Braunschweig,1,1,2,Draw,1,0,0,1,1,0,1,0
2022-09-10,Hannover 96,1 - 1,TSV Eintracht Braunschweig,1,1,2,Draw,1,0,0,1,1,0,1,0
2022-08-28,Hannover 96,2 - 1,SpVgg Greuther Furth,2,1,3,Home,0,1,0,0,1,1,1,0
2022-08-28,Hannover 96,2 - 1,SpVgg Greuther Furth,2,1,3,Home,0,1,0,0,1,1,1,0
2022-08-14,Hannover 96,1 - 0,SSV Jahn Regensburg,1,0,1,Home,0,1,0,0,1,1,0,1
2022-08-14,Hannover 96,1 - 0,SSV Jahn Regensburg,1,0,1,Home,0,1,0,0,1,1,0,1
2023-07-24,Hamburg SV,0 - 1,Hansa Rostock,0,1,1,Away,0,0,1,1,0,1,0,1
2023-07-24,Hamburg SV,0 - 1,Hansa Rostock,0,1,1,Away,0,0,1,1,0,1,0,1
2023-02-19,Hamburg SV,2 - 1,Arminia Bielefeld,2,1,3,Home,0,1,0,0,1,1,1,0
2023-02-19,Hamburg SV,2 - 1,Arminia Bielefeld,2,1,3,Home,0,1,0,0,1,1,1,0
2023-01-29,Hamburg SV,4 - 2,TSV Eintracht Braunschweig,4,2,6,Home,0,1,0,0,1,1,1,0
2023-01-29,Hamburg SV,4 - 2,TSV Eintracht Braunschweig,4,2,6,Home,0,1,0,0,1,1,1,0
2022-11-12,Hamburg SV,4 - 2,SV Sandhausen,4,2,6,Home,0,1,0,0,1,1,1,0
2022-11-12,Hamburg SV,4 - 2,SV Sandhausen,4,2,6,Home,0,1,0,0,1,1,1,0
2022-11-06,Hamburg SV,3 - 1,SSV Jahn Regensburg,3,1,4,Home,0,1,0,0,1,1,1,0
2022-11-06,Hamburg SV,3 - 1,SSV Jahn Regensburg,3,1,4,Home,0,1,0,0,1,1,1,0
2022-10-23,Hamburg SV,2 - 3,1. FC Magdeburg,2,3,5,Away,0,0,1,1,0,1,1,0
2022-10-23,Hamburg SV,2 - 3,1. FC Magdeburg,2,3,5,Away,0,0,1,1,0,1,1,0
2022-10-08,Hamburg SV,1 - 1,Kaiserslautern,1,1,2,Draw,1,0,0,1,1,0,1,0
2022-10-08,Hamburg SV,1 - 1,Kaiserslautern,1,1,2,Draw,1,0,0,1,1,0,1,0
2022-09-17,Hamburg SV,2 - 0,Fortuna Düsseldorf,2,0,2,Home,0,1,0,0,1,1,0,1
2022-09-17,Hamburg SV,2 - 0,Fortuna Düsseldorf,2,0,2,Home,0,1,0,0,1,1,0,1
2022-09-03,Hamburg SV,1 - 0,Karlsruher SC,1,0,1,Home,0,1,0,0,1,1,0,1
2022-09-03,Hamburg SV,1 - 0,Karlsruher SC,1,0,1,Home,0,1,0,0,1,1,0,1
2022-08-19,Hamburg SV,1 - 2,SV Darmstadt 98,1,2,3,Away,0,0,1,1,0,1,1,0
2022-08-19,Hamburg SV,1 - 2,SV Darmstadt 98,1,2,3,Away,0,0,1,1,0,1,1,0
2022-08-06,Hamburg SV,1 - 0,1. FC Heidenheim,1,0,1,Home,0,1,0,0,1,1,0,1
2022-08-06,Hamburg SV,1 - 0,1. FC Heidenheim,1,0,1,Home,0,1,0,0,1,1,0,1
2023-07-22,Fortuna Düsseldorf,2 - 1,SC Paderborn 07,2,1,3,Home,0,1,0,0,1,1,1,0
2023-07-22,Fortuna Düsseldorf,2 - 1,SC Paderborn 07,2,1,3,Home,0,1,0,0,1,1,1,0
2023-02-24,Fortuna Düsseldorf,3 - 1,TSV Eintracht Braunschweig,3,1,4,Home,0,1,0,0,1,1,1,0
2023-02-24,Fortuna Düsseldorf,3 - 1,TSV Eintracht Braunschweig,3,1,4,Home,0,1,0,0,1,1,1,0
2023-02-12,Fortuna Düsseldorf,2 - 0,SV Sandhausen,2,0,2,Home,0,1,0,0,1,1,0,1
2023-02-12,Fortuna Düsseldorf,2 - 0,SV Sandhausen,2,0,2,Home,0,1,0,0,1,1,0,1
2023-01-27,Fortuna Düsseldorf,3 - 2,1. FC Magdeburg,3,2,5,Home,0,1,0,0,1,1,1,0
2023-01-27,Fortuna Düsseldorf,3 - 2,1. FC Magdeburg,3,2,5,Home,0,1,0,0,1,1,1,0
2022-11-11,Fortuna Düsseldorf,1 - 2,Kaiserslautern,1,2,3,Away,0,0,1,1,0,1,1,0
2022-11-11,Fortuna Düsseldorf,1 - 2,Kaiserslautern,1,2,3,Away,0,0,1,1,0,1,1,0
2022-11-05,Fortuna Düsseldorf,1 - 0,St. Pauli,1,0,1,Home,0,1,0,0,1,1,0,1
2022-11-05,Fortuna Düsseldorf,1 - 0,St. Pauli,1,0,1,Home,0,1,0,0,1,1,0,1
2022-10-15,Fortuna Düsseldorf,0 - 1,Nurnberg,0,1,1,Away,0,0,1,1,0,1,0,1
2022-10-15,Fortuna Düsseldorf,0 - 1,Nurnberg,0,1,1,Away,0,0,1,1,0,1,0,1
2022-10-01,Fortuna Düsseldorf,4 - 1,Arminia Bielefeld,4,1,5,Home,0,1,0,0,1,1,1,0
2022-10-01,Fortuna Düsseldorf,4 - 1,Arminia Bielefeld,4,1,5,Home,0,1,0,0,1,1,1,0
2022-09-10,Fortuna Düsseldorf,3 - 1,Hansa Rostock,3,1,4,Home,0,1,0,0,1,1,1,0
2022-09-10,Fortuna Düsseldorf,3 - 1,Hansa Rostock,3,1,4,Home,0,1,0,0,1,1,1,0
2022-08-26,Fortuna Düsseldorf,4 - 0,SSV Jahn Regensburg,4,0,4,Home,0,1,0,0,1,1,0,1
2022-08-26,Fortuna Düsseldorf,4 - 0,SSV Jahn Regensburg,4,0,4,Home,0,1,0,0,1,1,0,1
2022-08-14,Fortuna Düsseldorf,2 - 2,SpVgg Greuther Furth,2,2,4,Draw,1,0,0,1,1,0,1,0
2022-08-14,Fortuna Düsseldorf,2 - 2,SpVgg Greuther Furth,2,2,4,Draw,1,0,0,1,1,0,1,0
2023-02-25,FC Cologne,0 - 2,VfL Wolfsburg,0,2,2,Away,0,0,1,1,0,1,0,1
2023-02-25,FC Cologne,0 - 2,VfL Wolfsburg,0,2,2,Away,0,0,1,1,0,1,0,1
2023-02-12,FC Cologne,3 - 0,Eintracht Frankfurt,3,0,3,Home,0,1,0,0,1,1,0,1
2023-02-12,FC Cologne,3 - 0,Eintracht Frankfurt,3,0,3,Home,0,1,0,0,1,1,0,1
2023-02-04,FC Cologne,0 - 0,RB Leipzig,0,0,0,Draw,1,0,0,1,1,0,0,1
2023-02-04,FC Cologne,0 - 0,RB Leipzig,0,0,0,Draw,1,0,0,1,1,0,0,1
2023-01-21,FC Cologne,7 - 1,Werder Bremen,7,1,8,Home,0,1,0,0,1,1,1,0
2023-01-21,FC Cologne,7 - 1,Werder Bremen,7,1,8,Home,0,1,0,0,1,1,1,0
2022-11-09,FC Cologne,1 - 2,Bayer Leverkusen,1,2,3,Away,0,0,1,1,0,1,1,0
2022-11-09,FC Cologne,1 - 2,Bayer Leverkusen,1,2,3,Away,0,0,1,1,0,1,1,0
2022-10-30,FC Cologne,1 - 1,TSG Hoffenheim,1,1,2,Draw,1,0,0,1,1,0,1,0
2022-10-30,FC Cologne,1 - 1,TSG Hoffenheim,1,1,2,Draw,1,0,0,1,1,0,1,0
2022-10-16,FC Cologne,3 - 2,FC Augsburg,3,2,5,Home,0,1,0,0,1,1,1,0
2022-10-16,FC Cologne,3 - 2,FC Augsburg,3,2,5,Home,0,1,0,0,1,1,1,0
2022-10-01,FC Cologne,3 - 2,Borussia Dortmund,3,2,5,Home,0,1,0,0,1,1,1,0
2022-10-01,FC Cologne,3 - 2,Borussia Dortmund,3,2,5,Home,0,1,0,0,1,1,1,0
2022-09-11,FC Cologne,0 - 1,1. FC Union Berlin,0,1,1,Away,0,0,1,1,0,1,0,1
2022-09-11,FC Cologne,0 - 1,1. FC Union Berlin,0,1,1,Away,0,0,1,1,0,1,0,1
2022-08-28,FC Cologne,0 - 0,VfB Stuttgart,0,0,0,Draw,1,0,0,1,1,0,0,1
2022-08-28,FC Cologne,0 - 0,VfB Stuttgart,0,0,0,Draw,1,0,0,1,1,0,0,1
2022-08-07,FC Cologne,3 - 1,Schalke 04,3,1,4,Home,0,1,0,0,1,1,1,0
2022-08-07,FC Cologne,3 - 1,Schalke 04,3,1,4,Home,0,1,0,0,1,1,1,0
2023-02-17,FC Augsburg,1 - 0,TSG Hoffenheim,1,0,1,Home,0,1,0,0,1,1,0,1
2023-02-17,FC Augsburg,1 - 0,TSG Hoffenheim,1,0,1,Home,0,1,0,0,1,1,0,1
2023-02-03,FC Augsburg,1 - 0,Bayer Leverkusen,1,0,1,Home,0,1,0,0,1,1,0,1
2023-02-03,FC Augsburg,1 - 0,Bayer Leverkusen,1,0,1,Home,0,1,0,0,1,1,0,1
2023-01-25,FC Augsburg,1 - 0,Borussia Monchengladbach,1,0,1,Home,0,1,0,0,1,1,0,1
2023-01-25,FC Augsburg,1 - 0,Borussia Monchengladbach,1,0,1,Home,0,1,0,0,1,1,0,1
2022-11-12,FC Augsburg,0 - 1,VfL Bochum,0,1,1,Away,0,0,1,1,0,1,0,1
2022-11-12,FC Augsburg,0 - 1,VfL Bochum,0,1,1,Away,0,0,1,1,0,1,0,1
2022-11-05,FC Augsburg,1 - 2,Eintracht Frankfurt,1,2,3,Away,0,0,1,1,0,1,1,0
2022-11-05,FC Augsburg,1 - 2,Eintracht Frankfurt,1,2,3,Away,0,0,1,1,0,1,1,0
2022-10-22,FC Augsburg,3 - 3,RB Leipzig,3,3,6,Draw,1,0,0,1,1,0,1,0
2022-10-22,FC Augsburg,3 - 3,RB Leipzig,3,3,6,Draw,1,0,0,1,1,0,1,0
2022-10-08,FC Augsburg,1 - 1,VfL Wolfsburg,1,1,2,Draw,1,0,0,1,1,0,1,0
2022-10-08,FC Augsburg,1 - 1,VfL Wolfsburg,1,1,2,Draw,1,0,0,1,1,0,1,0
2022-09-17,FC Augsburg,1 - 0,Bayern Munich,1,0,1,Home,0,1,0,0,1,1,0,1
2022-09-17,FC Augsburg,1 - 0,Bayern Munich,1,0,1,Home,0,1,0,0,1,1,0,1
2022-09-04,FC Augsburg,0 - 2,Hertha Berlin,0,2,2,Away,0,0,1,1,0,1,0,1
2022-09-04,FC Augsburg,0 - 2,Hertha Berlin,0,2,2,Away,0,0,1,1,0,1,0,1
2022-08-20,FC Augsburg,1 - 2,Mainz,1,2,3,Away,0,0,1,1,0,1,1,0
2022-08-20,FC Augsburg,1 - 2,Mainz,1,2,3,Away,0,0,1,1,0,1,1,0
2022-08-06,FC Augsburg,0 - 4,SC Freiburg,0,4,4,Away,0,0,1,1,0,1,0,1
2022-08-06,FC Augsburg,0 - 4,SC Freiburg,0,4,4,Away,0,0,1,1,0,1,0,1
2023-02-18,Eintracht Frankfurt,2 - 0,Werder Bremen,2,0,2,Home,0,1,0,0,1,1,0,1
2023-02-18,Eintracht Frankfurt,2 - 0,Werder Bremen,2,0,2,Home,0,1,0,0,1,1,0,1
2023-02-04,Eintracht Frankfurt,3 - 0,Hertha Berlin,3,0,3,Home,0,1,0,0,1,1,0,1
2023-02-04,Eintracht Frankfurt,3 - 0,Hertha Berlin,3,0,3,Home,0,1,0,0,1,1,0,1
2023-01-21,Eintracht Frankfurt,3 - 0,Schalke 04,3,0,3,Home,0,1,0,0,1,1,0,1
2023-01-21,Eintracht Frankfurt,3 - 0,Schalke 04,3,0,3,Home,0,1,0,0,1,1,0,1
2022-11-09,Eintracht Frankfurt,4 - 2,TSG Hoffenheim,4,2,6,Home,0,1,0,0,1,1,1,0
2022-11-09,Eintracht Frankfurt,4 - 2,TSG Hoffenheim,4,2,6,Home,0,1,0,0,1,1,1,0
2022-10-29,Eintracht Frankfurt,1 - 2,Borussia Dortmund,1,2,3,Away,0,0,1,1,0,1,1,0
2022-10-29,Eintracht Frankfurt,1 - 2,Borussia Dortmund,1,2,3,Away,0,0,1,1,0,1,1,0
2022-10-15,Eintracht Frankfurt,5 - 1,Bayer Leverkusen,5,1,6,Home,0,1,0,0,1,1,1,0
2022-10-15,Eintracht Frankfurt,5 - 1,Bayer Leverkusen,5,1,6,Home,0,1,0,0,1,1,1,0
2022-10-01,Eintracht Frankfurt,2 - 0,1. FC Union Berlin,2,0,2,Home,0,1,0,0,1,1,0,1
2022-10-01,Eintracht Frankfurt,2 - 0,1. FC Union Berlin,2,0,2,Home,0,1,0,0,1,1,0,1
2022-09-10,Eintracht Frankfurt,0 - 1,VfL Wolfsburg,0,1,1,Away,0,0,1,1,0,1,0,1
2022-09-10,Eintracht Frankfurt,0 - 1,VfL Wolfsburg,0,1,1,Away,0,0,1,1,0,1,0,1
2022-09-03,Eintracht Frankfurt,4 - 0,RB Leipzig,4,0,4,Home,0,1,0,0,1,1,0,1
2022-09-03,Eintracht Frankfurt,4 - 0,RB Leipzig,4,0,4,Home,0,1,0,0,1,1,0,1
2022-08-21,Eintracht Frankfurt,1 - 1,FC Cologne,1,1,2,Draw,1,0,0,1,1,0,1,0
2022-08-21,Eintracht Frankfurt,1 - 1,FC Cologne,1,1,2,Draw,1,0,0,1,1,0,1,0
2022-08-05,Eintracht Frankfurt,1 - 6,Bayern Munich,1,6,7,Away,0,0,1,1,0,1,1,0
2022-08-05,Eintracht Frankfurt,1 - 6,Bayern Munich,1,6,7,Away,0,0,1,1,0,1,1,0
2023-02-18,Borussia Monchengladbach,3 - 2,Bayern Munich,3,2,5,Home,0,1,0,0,1,1,1,0
2023-02-18,Borussia Monchengladbach,3 - 2,Bayern Munich,3,2,5,Home,0,1,0,0,1,1,1,0
2023-02-04,Borussia Monchengladbach,0 - 0,Schalke 04,0,0,0,Draw,1,0,0,1,1,0,0,1
2023-02-04,Borussia Monchengladbach,0 - 0,Schalke 04,0,0,0,Draw,1,0,0,1,1,0,0,1
2023-01-22,Borussia Monchengladbach,2 - 3,Bayer Leverkusen,2,3,5,Away,0,0,1,1,0,1,1,0
2023-01-22,Borussia Monchengladbach,2 - 3,Bayer Leverkusen,2,3,5,Away,0,0,1,1,0,1,1,0
2022-11-11,Borussia Monchengladbach,4 - 2,Borussia Dortmund,4,2,6,Home,0,1,0,0,1,1,1,0
2022-11-11,Borussia Monchengladbach,4 - 2,Borussia Dortmund,4,2,6,Home,0,1,0,0,1,1,1,0
2022-11-04,Borussia Monchengladbach,3 - 1,VfB Stuttgart,3,1,4,Home,0,1,0,0,1,1,1,0
2022-11-04,Borussia Monchengladbach,3 - 1,VfB Stuttgart,3,1,4,Home,0,1,0,0,1,1,1,0
2022-10-22,Borussia Monchengladbach,1 - 3,Eintracht Frankfurt,1,3,4,Away,0,0,1,1,0,1,1,0
2022-10-22,Borussia Monchengladbach,1 - 3,Eintracht Frankfurt,1,3,4,Away,0,0,1,1,0,1,1,0
2022-10-09,Borussia Monchengladbach,5 - 2,FC Cologne,5,2,7,Home,0,1,0,0,1,1,1,0
2022-10-09,Borussia Monchengladbach,5 - 2,FC Cologne,5,2,7,Home,0,1,0,0,1,1,1,0
2022-09-17,Borussia Monchengladbach,3 - 0,RB Leipzig,3,0,3,Home,0,1,0,0,1,1,0,1
2022-09-17,Borussia Monchengladbach,3 - 0,RB Leipzig,3,0,3,Home,0,1,0,0,1,1,0,1
2022-09-04,Borussia Monchengladbach,0 - 1,Mainz,0,1,1,Away,0,0,1,1,0,1,0,1
2022-09-04,Borussia Monchengladbach,0 - 1,Mainz,0,1,1,Away,0,0,1,1,0,1,0,1
2022-08-19,Borussia Monchengladbach,1 - 0,Hertha Berlin,1,0,1,Home,0,1,0,0,1,1,0,1
2022-08-19,Borussia Monchengladbach,1 - 0,Hertha Berlin,1,0,1,Home,0,1,0,0,1,1,0,1
2022-08-06,Borussia Monchengladbach,3 - 1,TSG Hoffenheim,3,1,4,Home,0,1,0,0,1,1,1,0
2022-08-06,Borussia Monchengladbach,3 - 1,TSG Hoffenheim,3,1,4,Home,0,1,0,0,1,1,1,0
2023-02-19,Borussia Dortmund,4 - 1,Hertha Berlin,4,1,5,Home,0,1,0,0,1,1,1,0
2023-02-19,Borussia Dortmund,4 - 1,Hertha Berlin,4,1,5,Home,0,1,0,0,1,1,1,0
2023-02-04,Borussia Dortmund,5 - 1,SC Freiburg,5,1,6,Home,0,1,0,0,1,1,1,0
2023-02-04,Borussia Dortmund,5 - 1,SC Freiburg,5,1,6,Home,0,1,0,0,1,1,1,0
2023-01-22,Borussia Dortmund,4 - 3,FC Augsburg,4,3,7,Home,0,1,0,0,1,1,1,0
2023-01-22,Borussia Dortmund,4 - 3,FC Augsburg,4,3,7,Home,0,1,0,0,1,1,1,0
2022-11-05,Borussia Dortmund,3 - 0,VfL Bochum,3,0,3,Home,0,1,0,0,1,1,0,1
2022-11-05,Borussia Dortmund,3 - 0,VfL Bochum,3,0,3,Home,0,1,0,0,1,1,0,1
2022-10-22,Borussia Dortmund,5 - 0,VfB Stuttgart,5,0,5,Home,0,1,0,0,1,1,0,1
2022-10-22,Borussia Dortmund,5 - 0,VfB Stuttgart,5,0,5,Home,0,1,0,0,1,1,0,1
2022-10-08,Borussia Dortmund,2 - 2,Bayern Munich,2,2,4,Draw,1,0,0,1,1,0,1,0
2022-10-08,Borussia Dortmund,2 - 2,Bayern Munich,2,2,4,Draw,1,0,0,1,1,0,1,0
2022-09-17,Borussia Dortmund,1 - 0,Schalke 04,1,0,1,Home,0,1,0,0,1,1,0,1
2022-09-17,Borussia Dortmund,1 - 0,Schalke 04,1,0,1,Home,0,1,0,0,1,1,0,1
2022-09-02,Borussia Dortmund,1 - 0,TSG Hoffenheim,1,0,1,Home,0,1,0,0,1,1,0,1
2022-09-02,Borussia Dortmund,1 - 0,TSG Hoffenheim,1,0,1,Home,0,1,0,0,1,1,0,1
2022-08-20,Borussia Dortmund,2 - 3,Werder Bremen,2,3,5,Away,0,0,1,1,0,1,1,0
2022-08-20,Borussia Dortmund,2 - 3,Werder Bremen,2,3,5,Away,0,0,1,1,0,1,1,0
2022-08-06,Borussia Dortmund,1 - 0,Bayer Leverkusen,1,0,1,Home,0,1,0,0,1,1,0,1
2022-08-06,Borussia Dortmund,1 - 0,Bayer Leverkusen,1,0,1,Home,0,1,0,0,1,1,0,1
2023-02-11,Bayern Munich,3 - 0,VfL Bochum,3,0,3,Home,0,1,0,0,1,1,0,1
2023-02-11,Bayern Munich,3 - 0,VfL Bochum,3,0,3,Home,0,1,0,0,1,1,0,1
2023-01-28,Bayern Munich,1 - 1,Eintracht Frankfurt,1,1,2,Draw,1,0,0,1,1,0,1,0
2023-01-28,Bayern Munich,1 - 1,Eintracht Frankfurt,1,1,2,Draw,1,0,0,1,1,0,1,0
2023-01-24,Bayern Munich,1 - 1,FC Cologne,1,1,2,Draw,1,0,0,1,1,0,1,0
2023-01-24,Bayern Munich,1 - 1,FC Cologne,1,1,2,Draw,1,0,0,1,1,0,1,0
2022-11-08,Bayern Munich,6 - 1,Werder Bremen,6,1,7,Home,0,1,0,0,1,1,1,0
2022-11-08,Bayern Munich,6 - 1,Werder Bremen,6,1,7,Home,0,1,0,0,1,1,1,0
2022-10-29,Bayern Munich,6 - 2,Mainz,6,2,8,Home,0,1,0,0,1,1,1,0
2022-10-29,Bayern Munich,6 - 2,Mainz,6,2,8,Home,0,1,0,0,1,1,1,0
2022-10-16,Bayern Munich,5 - 0,SC Freiburg,5,0,5,Home,0,1,0,0,1,1,0,1
2022-10-16,Bayern Munich,5 - 0,SC Freiburg,5,0,5,Home,0,1,0,0,1,1,0,1
2022-09-30,Bayern Munich,4 - 0,Bayer Leverkusen,4,0,4,Home,0,1,0,0,1,1,0,1
2022-09-30,Bayern Munich,4 - 0,Bayer Leverkusen,4,0,4,Home,0,1,0,0,1,1,0,1
2022-09-10,Bayern Munich,2 - 2,VfB Stuttgart,2,2,4,Draw,1,0,0,1,1,0,1,0
2022-09-10,Bayern Munich,2 - 2,VfB Stuttgart,2,2,4,Draw,1,0,0,1,1,0,1,0
2022-08-27,Bayern Munich,1 - 1,Borussia Monchengladbach,1,1,2,Draw,1,0,0,1,1,0,1,0
2022-08-27,Bayern Munich,1 - 1,Borussia Monchengladbach,1,1,2,Draw,1,0,0,1,1,0,1,0
2022-08-14,Bayern Munich,2 - 0,VfL Wolfsburg,2,0,2,Home,0,1,0,0,1,1,0,1
2022-08-14,Bayern Munich,2 - 0,VfL Wolfsburg,2,0,2,Home,0,1,0,0,1,1,0,1
2023-02-19,Bayer Leverkusen,2 - 3,Mainz,2,3,5,Away,0,0,1,1,0,1,1,0
2023-02-19,Bayer Leverkusen,2 - 3,Mainz,2,3,5,Away,0,0,1,1,0,1,1,0
2023-01-29,Bayer Leverkusen,0 - 2,Borussia Dortmund,0,2,2,Away,0,0,1,1,0,1,0,1
2023-01-29,Bayer Leverkusen,0 - 2,Borussia Dortmund,0,2,2,Away,0,0,1,1,0,1,0,1
2023-01-25,Bayer Leverkusen,2 - 0,VfL Bochum,2,0,2,Home,0,1,0,0,1,1,0,1
2023-01-25,Bayer Leverkusen,2 - 0,VfL Bochum,2,0,2,Home,0,1,0,0,1,1,0,1
2022-11-12,Bayer Leverkusen,2 - 0,VfB Stuttgart,2,0,2,Home,0,1,0,0,1,1,0,1
2022-11-12,Bayer Leverkusen,2 - 0,VfB Stuttgart,2,0,2,Home,0,1,0,0,1,1,0,1
2022-11-06,Bayer Leverkusen,5 - 0,1. FC Union Berlin,5,0,5,Home,0,1,0,0,1,1,0,1
2022-11-06,Bayer Leverkusen,5 - 0,1. FC Union Berlin,5,0,5,Home,0,1,0,0,1,1,0,1
2022-10-22,Bayer Leverkusen,2 - 2,VfL Wolfsburg,2,2,4,Draw,1,0,0,1,1,0,1,0
2022-10-22,Bayer Leverkusen,2 - 2,VfL Wolfsburg,2,2,4,Draw,1,0,0,1,1,0,1,0
2022-10-08,Bayer Leverkusen,4 - 0,Schalke 04,4,0,4,Home,0,1,0,0,1,1,0,1
2022-10-08,Bayer Leverkusen,4 - 0,Schalke 04,4,0,4,Home,0,1,0,0,1,1,0,1
2022-09-17,Bayer Leverkusen,1 - 1,Werder Bremen,1,1,2,Draw,1,0,0,1,1,0,1,0
2022-09-17,Bayer Leverkusen,1 - 1,Werder Bremen,1,1,2,Draw,1,0,0,1,1,0,1,0
2022-09-03,Bayer Leverkusen,2 - 3,SC Freiburg,2,3,5,Away,0,0,1,1,0,1,1,0
2022-09-03,Bayer Leverkusen,2 - 3,SC Freiburg,2,3,5,Away,0,0,1,1,0,1,1,0
2022-08-20,Bayer Leverkusen,0 - 3,TSG Hoffenheim,0,3,3,Away,0,0,1,1,0,1,0,1
2022-08-20,Bayer Leverkusen,0 - 3,TSG Hoffenheim,0,3,3,Away,0,0,1,1,0,1,0,1
2022-08-13,Bayer Leverkusen,1 - 2,FC Augsburg,1,2,3,Away,0,0,1,1,0,1,1,0
2022-08-13,Bayer Leverkusen,1 - 2,FC Augsburg,1,2,3,Away,0,0,1,1,0,1,1,0
2023-07-24,Arminia Bielefeld,0 - 3,SSV Jahn Regensburg,0,3,3,Away,0,0,1,1,0,1,0,1
2023-07-24,Arminia Bielefeld,0 - 3,SSV Jahn Regensburg,0,3,3,Away,0,0,1,1,0,1,0,1
2023-02-10,Arminia Bielefeld,0 - 1,Hansa Rostock,0,1,1,Away,0,0,1,1,0,1,0,1
2023-02-10,Arminia Bielefeld,0 - 1,Hansa Rostock,0,1,1,Away,0,0,1,1,0,1,0,1
2023-01-29,Arminia Bielefeld,1 - 2,SV Sandhausen,1,2,3,Away,0,0,1,1,0,1,1,0
2023-01-29,Arminia Bielefeld,1 - 2,SV Sandhausen,1,2,3,Away,0,0,1,1,0,1,1,0
2022-11-13,Arminia Bielefeld,3 - 1,1. FC Magdeburg,3,1,4,Home,0,1,0,0,1,1,1,0
2022-11-13,Arminia Bielefeld,3 - 1,1. FC Magdeburg,3,1,4,Home,0,1,0,0,1,1,1,0
2022-11-05,Arminia Bielefeld,2 - 3,Kaiserslautern,2,3,5,Away,0,0,1,1,0,1,1,0
2022-11-05,Arminia Bielefeld,2 - 3,Kaiserslautern,2,3,5,Away,0,0,1,1,0,1,1,0
2022-10-22,Arminia Bielefeld,2 - 0,St. Pauli,2,0,2,Home,0,1,0,0,1,1,0,1
2022-10-22,Arminia Bielefeld,2 - 0,St. Pauli,2,0,2,Home,0,1,0,0,1,1,0,1
2022-10-07,Arminia Bielefeld,1 - 2,Karlsruher SC,1,2,3,Away,0,0,1,1,0,1,1,0
2022-10-07,Arminia Bielefeld,1 - 2,Karlsruher SC,1,2,3,Away,0,0,1,1,0,1,1,0
2022-09-17,Arminia Bielefeld,4 - 2,Holstein Kiel,4,2,6,Home,0,1,0,0,1,1,1,0
2022-09-17,Arminia Bielefeld,4 - 2,Holstein Kiel,4,2,6,Home,0,1,0,0,1,1,1,0
2022-08-26,Arminia Bielefeld,4 - 1,TSV Eintracht Braunschweig,4,1,5,Home,0,1,0,0,1,1,1,0
2022-08-26,Arminia Bielefeld,4 - 1,TSV Eintracht Braunschweig,4,1,5,Home,0,1,0,0,1,1,1,0
2022-08-13,Arminia Bielefeld,0 - 2,Hamburg SV,0,2,2,Away,0,0,1,1,0,1,0,1
2022-08-13,Arminia Bielefeld,0 - 2,Hamburg SV,0,2,2,Away,0,0,1,1,0,1,0,1
2023-02-19,1. FC Union Berlin,0 - 0,Schalke 04,0,0,0,Draw,1,0,0,1,1,0,0,1
2023-02-19,1. FC Union Berlin,0 - 0,Schalke 04,0,0,0,Draw,1,0,0,1,1,0,0,1
2023-02-04,1. FC Union Berlin,2 - 1,Mainz,2,1,3,Home,0,1,0,0,1,1,1,0
2023-02-04,1. FC Union Berlin,2 - 1,Mainz,2,1,3,Home,0,1,0,0,1,1,1,0
2023-01-21,1. FC Union Berlin,3 - 1,TSG Hoffenheim,3,1,4,Home,0,1,0,0,1,1,1,0
2023-01-21,1. FC Union Berlin,3 - 1,TSG Hoffenheim,3,1,4,Home,0,1,0,0,1,1,1,0
2022-11-09,1. FC Union Berlin,2 - 2,FC Augsburg,2,2,4,Draw,1,0,0,1,1,0,1,0
2022-11-09,1. FC Union Berlin,2 - 2,FC Augsburg,2,2,4,Draw,1,0,0,1,1,0,1,0
2022-10-30,1. FC Union Berlin,2 - 1,Borussia Monchengladbach,2,1,3,Home,0,1,0,0,1,1,1,0
2022-10-30,1. FC Union Berlin,2 - 1,Borussia Monchengladbach,2,1,3,Home,0,1,0,0,1,1,1,0
2022-10-16,1. FC Union Berlin,2 - 0,Borussia Dortmund,2,0,2,Home,0,1,0,0,1,1,0,1
2022-10-16,1. FC Union Berlin,2 - 0,Borussia Dortmund,2,0,2,Home,0,1,0,0,1,1,0,1
2022-09-18,1. FC Union Berlin,2 - 0,VfL Wolfsburg,2,0,2,Home,0,1,0,0,1,1,0,1
2022-09-18,1. FC Union Berlin,2 - 0,VfL Wolfsburg,2,0,2,Home,0,1,0,0,1,1,0,1
2022-09-03,1. FC Union Berlin,1 - 1,Bayern Munich,1,1,2,Draw,1,0,0,1,1,0,1,0
2022-09-03,1. FC Union Berlin,1 - 1,Bayern Munich,1,1,2,Draw,1,0,0,1,1,0,1,0
2022-08-20,1. FC Union Berlin,2 - 1,RB Leipzig,2,1,3,Home,0,1,0,0,1,1,1,0
2022-08-20,1. FC Union Berlin,2 - 1,RB Leipzig,2,1,3,Home,0,1,0,0,1,1,1,0
2022-08-06,1. FC Union Berlin,3 - 1,Hertha Berlin,3,1,4,Home,0,1,0,0,1,1,1,0
2022-08-06,1. FC Union Berlin,3 - 1,Hertha Berlin,3,1,4,Home,0,1,0,0,1,1,1,0
2023-07-16,1. FC Magdeburg,1 - 2,Fortuna Düsseldorf,1,2,3,Away,0,0,1,1,0,1,1,0
2023-07-16,1. FC Magdeburg,1 - 2,Fortuna Düsseldorf,1,2,3,Away,0,0,1,1,0,1,1,0
2023-02-18,1. FC Magdeburg,1 - 2,St. Pauli,1,2,3,Away,0,0,1,1,0,1,1,0
2023-02-18,1. FC Magdeburg,1 - 2,St. Pauli,1,2,3,Away,0,0,1,1,0,1,1,0
2023-02-05,1. FC Magdeburg,1 - 1,Karlsruher SC,1,1,2,Draw,1,0,0,1,1,0,1,0
2023-02-05,1. FC Magdeburg,1 - 1,Karlsruher SC,1,1,2,Draw,1,0,0,1,1,0,1,0
2022-11-10,1. FC Magdeburg,0 - 1,SV Darmstadt 98,0,1,1,Away,0,0,1,1,0,1,0,1
2022-11-10,1. FC Magdeburg,0 - 1,SV Darmstadt 98,0,1,1,Away,0,0,1,1,0,1,0,1
2022-10-28,1. FC Magdeburg,1 - 1,1. FC Heidenheim,1,1,2,Draw,1,0,0,1,1,0,1,0
2022-10-28,1. FC Magdeburg,1 - 1,1. FC Heidenheim,1,1,2,Draw,1,0,0,1,1,0,1,0
2022-10-15,1. FC Magdeburg,0 - 2,TSV Eintracht Braunschweig,0,2,2,Away,0,0,1,1,0,1,0,1
2022-10-15,1. FC Magdeburg,0 - 2,TSV Eintracht Braunschweig,0,2,2,Away,0,0,1,1,0,1,0,1
2022-10-02,1. FC Magdeburg,1 - 0,SSV Jahn Regensburg,1,0,1,Home,0,1,0,0,1,1,0,1
2022-10-02,1. FC Magdeburg,1 - 0,SSV Jahn Regensburg,1,0,1,Home,0,1,0,0,1,1,0,1
2022-09-11,1. FC Magdeburg,2 - 1,SpVgg Greuther Furth,2,1,3,Home,0,1,0,0,1,1,1,0
2022-09-11,1. FC Magdeburg,2 - 1,SpVgg Greuther Furth,2,1,3,Home,0,1,0,0,1,1,1,0
2022-08-19,1. FC Magdeburg,0 - 4,Hannover 96,0,4,4,Away,0,0,1,1,0,1,0,1
2022-08-19,1. FC Magdeburg,0 - 4,Hannover 96,0,4,4,Away,0,0,1,1,0,1,0,1
2022-08-07,1. FC Magdeburg,1 - 2,Holstein Kiel,1,2,3,Away,0,0,1,1,0,1,1,0
2022-08-07,1. FC Magdeburg,1 - 2,Holstein Kiel,1,2,3,Away,0,0,1,1,0,1,1,0
2023-07-23,1. FC Heidenheim,3 - 0,TSV Eintracht Braunschweig,3,0,3,Home,0,1,0,0,1,1,0,1
2023-07-23,1. FC Heidenheim,3 - 0,TSV Eintracht Braunschweig,3,0,3,Home,0,1,0,0,1,1,0,1
2023-02-19,1. FC Heidenheim,5 - 0,Nurnberg,5,0,5,Home,0,1,0,0,1,1,0,1
2023-02-19,1. FC Heidenheim,5 - 0,Nurnberg,5,0,5,Home,0,1,0,0,1,1,0,1
2023-02-11,1. FC Heidenheim,3 - 3,Hamburg SV,3,3,6,Draw,1,0,0,1,1,0,1,0
2023-02-11,1. FC Heidenheim,3 - 3,Hamburg SV,3,3,6,Draw,1,0,0,1,1,0,1,0
2023-01-28,1. FC Heidenheim,2 - 0,Hansa Rostock,2,0,2,Home,0,1,0,0,1,1,0,1
2023-01-28,1. FC Heidenheim,2 - 0,Hansa Rostock,2,0,2,Home,0,1,0,0,1,1,0,1
2022-11-12,1. FC Heidenheim,5 - 4,SSV Jahn Regensburg,5,4,9,Home,0,1,0,0,1,1,1,0
2022-11-12,1. FC Heidenheim,5 - 4,SSV Jahn Regensburg,5,4,9,Home,0,1,0,0,1,1,1,0
2022-11-05,1. FC Heidenheim,3 - 0,SC Paderborn 07,3,0,3,Home,0,1,0,0,1,1,0,1
2022-11-05,1. FC Heidenheim,3 - 0,SC Paderborn 07,3,0,3,Home,0,1,0,0,1,1,0,1
2022-10-23,1. FC Heidenheim,3 - 1,SpVgg Greuther Furth,3,1,4,Home,0,1,0,0,1,1,1,0
2022-10-23,1. FC Heidenheim,3 - 1,SpVgg Greuther Furth,3,1,4,Home,0,1,0,0,1,1,1,0
2022-10-09,1. FC Heidenheim,2 - 1,Hannover 96,2,1,3,Home,0,1,0,0,1,1,1,0
2022-10-09,1. FC Heidenheim,2 - 1,Hannover 96,2,1,3,Home,0,1,0,0,1,1,1,0
2022-09-18,1. FC Heidenheim,2 - 2,Kaiserslautern,2,2,4,Draw,1,0,0,1,1,0,1,0
2022-09-18,1. FC Heidenheim,2 - 2,Kaiserslautern,2,2,4,Draw,1,0,0,1,1,0,1,0
2022-09-02,1. FC Heidenheim,2 - 1,Fortuna Düsseldorf,2,1,3,Home,0,1,0,0,1,1,1,0
2022-09-02,1. FC Heidenheim,2 - 1,Fortuna Düsseldorf,2,1,3,Home,0,1,0,0,1,1,1,0
2022-08-21,1. FC Heidenheim,1 - 1,Arminia Bielefeld,1,1,2,Draw,1,0,0,1,1,0,1,0
2022-08-21,1. FC Heidenheim,1 - 1,Arminia Bielefeld,1,1,2,Draw,1,0,0,1,1,0,1,0
